title,number of ratings,price,url
"Nabisco Sweet Treats Cookie Variety Pack OREO, OREO Golden & CHIPS AHOY!, 30 Snack Packs",569,3.64,/ip/Nabisco-Sweet-Treats-Cookie-Variety-Pack-OREO-OREO-Golden-CHIPS-AHOY-30-Snack-Packs/50259424
"Doritos Nacho Cheese Flavored Tortilla Chips, Party Size, 15 oz",1001,5.98,/ip/Doritos-Nacho-Cheese-Flavored-Tortilla-Chips-Party-Size-15-oz/164047382
"OREO Chocolate Sandwich Cookies, Family Size, 19.1 oz",760,19.87,/ip/OREO-Chocolate-Sandwich-Cookies-Family-Size-19-1-oz/23658442
"CHIPS AHOY! Original Chocolate Chip Cookies, Family Size, 18.2 oz",522,6.98,/ip/CHIPS-AHOY-Original-Chocolate-Chip-Cookies-Family-Size-18-2-oz/23658443
"Campbell's Condensed Tomato Soup, 10.75 oz. Cans (4 pack)",339,3.48,/ip/Campbell-s-Condensed-Tomato-Soup-10-75-oz-Cans-4-pack/43346748
"belVita Soft Baked Banana Bread Breakfast Biscuits, 5 Packs (1 Biscuit Per Pack)",550,3.98,/ip/belVita-Soft-Baked-Banana-Bread-Breakfast-Biscuits-5-Packs-1-Biscuit-Per-Pack/34312391
"Frito Lay Family Fun Mix Snacks Variety Pack, 18 Count",300,3.67,/ip/Frito-Lay-Family-Fun-Mix-Snacks-Variety-Pack-18-Count/971503257
"Newtons Soft & fruit Chewy Fig Cookies, 10 oz Pack",606,2.79,/ip/Newtons-Soft-fruit-Chewy-Fig-Cookies-10-oz-Pack/154505093
"OREO Double Stuf Chocolate Sandwich Cookies, Family Size, 20 oz",673,3.56,/ip/OREO-Double-Stuf-Chocolate-Sandwich-Cookies-Family-Size-20-oz/23554586
"Campbell's Condensed Tomato Soup, 10.75 oz. Cans (4 pack)",339,1.86,/ip/Campbell-s-Condensed-Tomato-Soup-10-75-oz-Cans-4-pack/43346748
"(4 Pack) Campbell's Chunky Steak & Potato Soup, 18.8 oz.",272,3.78,/ip/4-Pack-Campbell-s-Chunky-Steak-Potato-Soup-18-8-oz/47224410
"Campbell's Condensed Chicken Noodle Soup, 10.75 oz. Can",146,3.48,/ip/Campbell-s-Condensed-Chicken-Noodle-Soup-10-75-oz-Can/10321674
"Campbell's Condensed Chicken Noodle Soup, 10.75 oz Cans (Pack of 4)",426,10.50,/ip/Campbell-s-Condensed-Chicken-Noodle-Soup-10-75-oz-Cans-Pack-of-4/43671426
"Pacific Foods Organic Creamy Roasted Red Pepper and Tomato Soup, 32 fl oz",71,6.89,/ip/Pacific-Foods-Organic-Creamy-Roasted-Red-Pepper-and-Tomato-Soup-32-fl-oz/15529700
"Maruchan Instant Lunch Hot & Spicy Beef Flavor Instant Lunch, 2.25 oz",58,0.98,/ip/Maruchan-Instant-Lunch-Hot-Spicy-Beef-Flavor-Instant-Lunch-2-25-oz/10450898
"Maruchan Instant Lunch Hot & Spicy Chicken Flavor Ramen Noodle Soup, 2.25 oz",24,3.57,/ip/Maruchan-Instant-Lunch-Hot-Spicy-Chicken-Flavor-Ramen-Noodle-Soup-2-25-oz/10450899
Dominguez Family Enterprises Juanitas ,14,10.68,/ip/Dominguez-Family-Enterprises-Juanitas-Foods-Menudo-25-oz/10453026
Foods,7,3.68,/ip/Juanita-s-Foods-Menudo-94-0-OZ/10453027
"Doritos Nacho Cheese Flavored Tortilla Chips, Party Size, 15 oz",1001,19.87,/ip/Doritos-Nacho-Cheese-Flavored-Tortilla-Chips-Party-Size-15-oz/164047382
"Frito Lay Family Fun Mix Snacks Variety Pack, 18 Count",300,3.64,/ip/Frito-Lay-Family-Fun-Mix-Snacks-Variety-Pack-18-Count/971503257
"Tostitos Scoops! Tortilla Chips, Party Size, 14.5 oz Bag",927,4.98,/ip/Tostitos-Scoops-Tortilla-Chips-Party-Size-14-5-oz-Bag/11027423
"Frito-Lay Classic Mix Variety Pack, 18 Count",138,3.48,/ip/Frito-Lay-Classic-Mix-Variety-Pack-18-Count/535982445
"Frito-Lay Fun Times Variety Pack, 1 oz Bags, 40 Count",209,3.98,/ip/Frito-Lay-Fun-Times-Variety-Pack-1-oz-Bags-40-Count/440311832
"Pringles, Potato Crisps Chips, Sour Cream & Onion Flavored, 5.5 Oz",570,6.48,/ip/Pringles-Potato-Crisps-Chips-Sour-Cream-Onion-Flavored-5-5-Oz/108065286
"Pringles, Potato Crisps Chips, Original, 5.2 Oz",766,3.98,/ip/Pringles-Potato-Crisps-Chips-Original-5-2-Oz/47217461
"Lay's Stax Original Potato Crisps, 5.5 oz Canister",79,6.48,/ip/Lay-s-Stax-Original-Potato-Crisps-5-5-oz-Canister/10900080
"Frito-Lay Flavor Mix, 28 Count",183,13.98,/ip/Frito-Lay-Flavor-Mix-28-Count/984440765
"Nabisco Sweet Treats Cookie Variety Pack OREO, OREO Golden & CHIPS AHOY!, 30 Snack Packs",569,3.64,/ip/Nabisco-Sweet-Treats-Cookie-Variety-Pack-OREO-OREO-Golden-CHIPS-AHOY-30-Snack-Packs/50259424
"OREO Chocolate Sandwich Cookies, Family Size, 19.1 oz",760,5.98,/ip/OREO-Chocolate-Sandwich-Cookies-Family-Size-19-1-oz/23658442
"CHIPS AHOY! Original Chocolate Chip Cookies, Family Size, 18.2 oz",522,19.87,/ip/CHIPS-AHOY-Original-Chocolate-Chip-Cookies-Family-Size-18-2-oz/23658443
"belVita Soft Baked Banana Bread Breakfast Biscuits, 5 Packs (1 Biscuit Per Pack)",550,6.98,/ip/belVita-Soft-Baked-Banana-Bread-Breakfast-Biscuits-5-Packs-1-Biscuit-Per-Pack/34312391
"Newtons Soft & fruit Chewy Fig Cookies, 10 oz Pack",606,3.67,/ip/Newtons-Soft-fruit-Chewy-Fig-Cookies-10-oz-Pack/154505093
"OREO Double Stuf Chocolate Sandwich Cookies, Family Size, 20 oz",673,2.79,/ip/OREO-Double-Stuf-Chocolate-Sandwich-Cookies-Family-Size-20-oz/23554586
Keebler Fudge Stripes Coconut Dreams Caramel & Coconut Cookies 8.5 oz.,533,3.56,/ip/Keebler-Fudge-Stripes-Coconut-Dreams-Caramel-Coconut-Cookies-8-5-oz/15055962
"Royal Dansk Danish Butter Cookies, 12 Oz.",596,2.50,/ip/Royal-Dansk-Danish-Butter-Cookies-12-Oz/10403419
"Honey Maid Honey Graham Crackers, 14.4 oz",349,2.73,/ip/Honey-Maid-Honey-Graham-Crackers-14-4-oz/10292699
"KRAFT DELUXE Macaroni and Cheese Original Cheddar Dinner, 3 ct. 14 oz Boxes",524,3.64,/ip/KRAFT-DELUXE-Macaroni-and-Cheese-Original-Cheddar-Dinner-3-ct-14-oz-Boxes/50423040
"KRAFT EASY MAC Original Flavor Single Serve Pouches, 18 ct. Box",418,5.98,/ip/KRAFT-EASY-MAC-Original-Flavor-Single-Serve-Pouches-18-ct-Box/170152888
"VELVEETA Shells and Cheese Original Flavor, 3 ct. Package",3163,19.87,/ip/VELVEETA-Shells-and-Cheese-Original-Flavor-3-ct-Package/43480563
"Campbell's SpaghettiOs Canned Pasta with Meatballs, 15.6 oz. Can, Pack of 4",21,6.48,/ip/Campbell-s-SpaghettiOs-Canned-Pasta-with-Meatballs-15-6-oz-Can-Pack-of-4/927459373
"Great Value Premium Original Shells & Cheese, 12 oz, 2 Pack",160,6.48,/ip/Great-Value-Premium-Original-Shells-Cheese-12-oz-2-Pack/47233323
"Cracker Barrel Sharp Cheddar Macaroni and Cheese Dinner, 14 oz Box",134,6.48,/ip/Cracker-Barrel-Sharp-Cheddar-Macaroni-and-Cheese-Dinner-14-oz-Box/50423045
"Minute White Rice, Instant White Rice, Light & Fluffy Quick Rice, 42 oz",210,12.48,/ip/Minute-White-Rice-Instant-White-Rice-Light-Fluffy-Quick-Rice-42-oz/10848966
"Kraft Original Flavor Mac and Cheese, 5 ct - 7.25 oz Multipack",954,3.62,/ip/Kraft-Original-Flavor-Mac-and-Cheese-5-ct-7-25-oz-Multipack/14869676
"KRAFT EASY MAC Original Flavor Macaroni and Cheese, 4 ct. Cups",1821,2.87,/ip/KRAFT-EASY-MAC-Original-Flavor-Macaroni-and-Cheese-4-ct-Cups/14869830
"Campbell's Condensed Tomato Soup, 10.75 oz. Cans (4 pack)",339,9.56,/ip/Campbell-s-Condensed-Tomato-Soup-10-75-oz-Cans-4-pack/43346748
"(4 Cans) BUMBLE BEE Solid White Albacore Tuna in Water, 5 Ounce Cans, Ready to Eat Tuna Fish, High Protein ",218,4.31,/ip/4-Cans-BUMBLE-BEE-Solid-White-Albacore-Tuna-in-Water-5-Ounce-Cans-Ready-to-Eat-Tuna-Fish-High-Protein-Food-and-Snacks/14940789
Food,559,7.80,/ip/12-Cans-Armour-Original-Vienna-Sausage-4-6-oz/44981956
 and Snacks,761,3.48,/ip/DAK-Fully-Cooked-Premium-Ham-16-oz-Can/10308362
(12 Cans) Armour Original Vienna Sausage 4.6 oz,982,10.50,/ip/SPAM-Classic-1-5-Lb-Pack-of-2/159980722
"DAK Fully Cooked Premium Ham, 16 oz Can",495,6.74,/ip/Swanson-Premium-White-Chunk-Chicken-Breast-12-5-oz-Can-Pack-of-2/129054055
"SPAM Classic, 1.5 Lb (Pack of 2)",176,5.52,/ip/12-Cups-Del-Monte-Fruit-Cup-Snacks-Variety-Pack-Peaches-Cherry-Mixed-Fruit-Mixed-Fruit-4-oz-cups/301801107
"Swanson Premium White Chunk Chicken Breast, 12.5 oz. Can (Pack of 2)",179,3.97,/ip/Dole-Fruit-Bowls-Mandarin-Oranges-in-100-Fruit-Juice-4-Oz-Bowls-12-Cups-of-Fruit/21949967
"(12 Cups) Del Monte Fruit Cup Snacks Variety Pack (Peaches, Cherry Mixed Fruit, Mixed Fruit), 4 oz cups",355,7.94,/ip/12-Cups-Del-Monte-Fruit-Cup-Snacks-No-Sugar-Added-Assorted-Flavors-4-oz-fruit-cups/21849151
"Garden Veggie Straws, Sea Salt, 14 oz",219,3.64,/ip/Garden-Veggie-Straws-Sea-Salt-14-oz/462316912
"SunChips Whole Grain Snacks, Original, 7 oz",231,19.87,/ip/SunChips-Whole-Grain-Snacks-Original-7-oz/31954395
"SunChips Harvest Cheddar Flavored Whole Grain Snacks, 7 oz. Bag",131,3.64,/ip/SunChips-Harvest-Cheddar-Flavored-Whole-Grain-Snacks-7-oz-Bag/32174172
"Garden Veggie Straws, Variety Pack, 0.75 oz, 12 Count",119,4.48,/ip/Garden-Veggie-Straws-Variety-Pack-0-75-oz-12-Count/952298509
"Garden Veggie Straws, Zesty Ranch, 14 oz",116,2.98,/ip/Garden-Veggie-Straws-Zesty-Ranch-14-oz/435214749
"Great Value Zesty Ranch Veggie Straws, 7 oz",30,2.98,/ip/Great-Value-Zesty-Ranch-Veggie-Straws-7-oz/682201944
"Great Value Cheddar Veggie Straws, 7 Oz.",13,6.98,/ip/Great-Value-Cheddar-Veggie-Straws-7-Oz/700404793
"TERRA Sweet Potato Chips, Sea Salt, 6 oz",166,4.48,/ip/TERRA-Sweet-Potato-Chips-Sea-Salt-6-oz/29944598
"SunChips Garden Salsa Flavored Whole Grain Snacks, 7 oz Bag",153,1.84,/ip/SunChips-Garden-Salsa-Flavored-Whole-Grain-Snacks-7-oz-Bag/31954394
Evans ,1,3.64,/ip/Evans-Food-Group-Macs-Pork-Skins-1-75-oz/23984414
Food,546,19.87,/ip/Evans-Food-Group-Macs-Pork-Skins-1-5-oz/310486146
" Group Macs  Pork Skins, 1.75 oz",139,3.64,/ip/Utz-Pork-Rinds-Regular-18-oz-Barrel/17177194
Evans ,135,0.98,/ip/Mac-s-Pork-Rind-Snacks-Variety-Pack-10-Pack/952980701
Food,270,0.98,/ip/Mac-s-Original-Pork-Skins-Jumbo-Size-12-25-oz/280619615
" Group Macs  Pork Skins, 1.5 oz",111,7.48,/ip/Lowrey-s-Microwave-Pork-Rinds-Original-1-75-OZ-18-Count/17299066
"Utz Pork Rinds, Regular, 18 oz Barrel",141,5.98,/ip/Mac-s-Golden-Pork-Cracklins-Snacks-8-oz/342293346
Mac's Pork Rind Snacks Variety Pack; 10 Pack,187,3.98,/ip/Mac-s-BBQ-Pork-Skins-Jumbo-Party-Size-12-25-oz/948814885
"Fritos Original Flavor Bean Dip, 9 Oz.",186,3.64,/ip/Fritos-Original-Flavor-Bean-Dip-9-Oz/10790822
"Fritos Scoops! Original Corn Chips, 9.25 Oz.",333,19.87,/ip/Fritos-Scoops-Original-Corn-Chips-9-25-Oz/49909692
"Fritos Jalapeno Cheddar Flavored Cheese Dip, 9 oz",306,3.64,/ip/Fritos-Jalapeno-Cheddar-Flavored-Cheese-Dip-9-oz/10790821
"Fritos Flavor Twists Honey BBQ Corn Snacks, 9.25 oz Bag",85,2.50,/ip/Fritos-Flavor-Twists-Honey-BBQ-Corn-Snacks-9-25-oz-Bag/49909660
"Fritos Scoops! Corn Snacks, Party Size, 15.5 oz Bag",296,3.28,/ip/Fritos-Scoops-Corn-Snacks-Party-Size-15-5-oz-Bag/884766452
"Great Value Crunchy Corn Combo Variety Pack, 1 oz, 18 Count",21,2.50,/ip/Great-Value-Crunchy-Corn-Combo-Variety-Pack-1-oz-18-Count/333396709
"Fritos Mild Cheddar Flavored Cheese Dip, 9 oz",138,2.50,/ip/Fritos-Mild-Cheddar-Flavored-Cheese-Dip-9-oz/17177050
"Great Value Chili Cheese Corn Chips, 10 Oz.",41,3.98,/ip/Great-Value-Chili-Cheese-Corn-Chips-10-Oz/736046305
"Funyuns Onion Flavored Rings, 6 oz Bag",345,5.48,/ip/Funyuns-Onion-Flavored-Rings-6-oz-Bag/36915849
"Kettle Brand Potato Chips Variety Pack (Sea Salt, NY Cheddar, Backyard BBQ, Jalapeno), 1.5 Oz, 30 Ct",7,5.98,/ip/Kettle-Brand-Potato-Chips-Variety-Pack-Sea-Salt-NY-Cheddar-Backyard-BBQ-Jalapeno-1-5-Oz-30-Ct/44887283
"Lay's Kettle Cooked Jalapeno Flavored Potato Chips, 13.5 oz Bag",272,3.64,/ip/Lay-s-Kettle-Cooked-Jalapeno-Flavored-Potato-Chips-13-5-oz-Bag/101224596
"Cape Cod Potato Chips, Original Kettle Cooked Chips, 14 Oz",98,19.87,/ip/Cape-Cod-Potato-Chips-Original-Kettle-Cooked-Chips-14-Oz/52796390
"Cape Cod Potato Chips, Less Fat Original Kettle Cooked Chips, Party Size 14 Oz",120,37.78,/ip/Cape-Cod-Potato-Chips-Less-Fat-Original-Kettle-Cooked-Chips-Party-Size-14-Oz/52796389
"Cape Cod Potato Chips, Sea Salt and Vinegar Kettle Cooked Chips, 8 Oz",29,3.98,/ip/Cape-Cod-Potato-Chips-Sea-Salt-and-Vinegar-Kettle-Cooked-Chips-8-Oz/21349240
"Kettle Brand Potato Chips, Sea Salt and Vinegar Kettle Chips, 8.5 Oz",77,3.98,/ip/Kettle-Brand-Potato-Chips-Sea-Salt-and-Vinegar-Kettle-Chips-8-5-Oz/10818721
"Kettle Brand Potato Chips, Jalapeno Kettle Chips, 8.5 Oz",71,3.98,/ip/Kettle-Brand-Potato-Chips-Jalapeno-Kettle-Chips-8-5-Oz/13908695
"Boulder Canyon Kettle Chips Red Wine Vinegar, 5 Oz",1,11.56,/ip/Boulder-Canyon-Kettle-Chips-Red-Wine-Vinegar-5-Oz/30924233
"Kettle Brand Potato Chips Variety Pack, Sea Salt, Sea Salt & Vinegar, Backyard Barbeque, 16 Ct",8,2.98,/ip/Kettle-Brand-Potato-Chips-Variety-Pack-Sea-Salt-Sea-Salt-Vinegar-Backyard-Barbeque-16-Ct/548228408
"Doritos Nacho Cheese Flavored Tortilla Chips, Party Size, 15 oz",1001,3.64,/ip/Doritos-Nacho-Cheese-Flavored-Tortilla-Chips-Party-Size-15-oz/164047382
"Tostitos Scoops! Tortilla Chips, Party Size, 14.5 oz Bag",927,4.98,/ip/Tostitos-Scoops-Tortilla-Chips-Party-Size-14-5-oz-Bag/11027423
"Doritos Cool Ranch Flavored Tortilla Chips, Party Size, 15 oz Bag",354,19.87,/ip/Doritos-Cool-Ranch-Flavored-Tortilla-Chips-Party-Size-15-oz-Bag/148724440
"Tostitos Original Restaurant Style Tortilla Chips, Party Size, 18 oz Bag",578,3.48,/ip/Tostitos-Original-Restaurant-Style-Tortilla-Chips-Party-Size-18-oz-Bag/12443121
"Doritos Nacho Cheese Tortilla Chips, 9.75 Oz.",267,3.98,/ip/Doritos-Nacho-Cheese-Tortilla-Chips-9-75-Oz/198871477
"Tostitos Crispy Rounds Tortilla Chips, 13 oz Bag",327,3.98,/ip/Tostitos-Crispy-Rounds-Tortilla-Chips-13-oz-Bag/10900113
"Great Value Bite Size Tortilla Chips Party Size, 18 oz",71,3.48,/ip/Great-Value-Bite-Size-Tortilla-Chips-Party-Size-18-oz/486203982
"Tostitos Bite Size Tortilla Chips, 13 Oz.",327,3.98,/ip/Tostitos-Bite-Size-Tortilla-Chips-13-Oz/10900112
"Tostitos Scoops! Multigrain Tortilla Chips, 10 oz Bag",160,3.98,/ip/Tostitos-Scoops-Multigrain-Tortilla-Chips-10-oz-Bag/17177091
"Pringles, Potato Crisps Chips, Original, 5.2 Oz",766,3.64,/ip/Pringles-Potato-Crisps-Chips-Original-5-2-Oz/47217461
"Pringles, Potato Crisps Chips, Sour Cream & Onion Flavored, 5.5 Oz",570,3.64,/ip/Pringles-Potato-Crisps-Chips-Sour-Cream-Onion-Flavored-5-5-Oz/108065286
"Pringles, Snack Stacks Potato Crisps Chips, Flavored Variety Pack, 19.5 Oz",593,19.87,/ip/Pringles-Snack-Stacks-Potato-Crisps-Chips-Flavored-Variety-Pack-19-5-Oz/453387822
"Pringles, Potato Crisps Chips, Sour Cream and Onion Flavored, Snack Stacks, 12 Ct, 8.8 Oz",49,1.48,/ip/Pringles-Potato-Crisps-Chips-Sour-Cream-and-Onion-Flavored-Snack-Stacks-12-Ct-8-8-Oz/24447061
"Utz Potato Chip Pack, 1 oz, 18 Count",37,1.48,/ip/Utz-Potato-Chip-Pack-1-oz-18-Count/588576348
"Ruffles Sour Cream & Onion Potato Chips, 8.5 oz Bag",54,9.37,/ip/Ruffles-Sour-Cream-Onion-Potato-Chips-8-5-oz-Bag/24529906
"Lay's Classic Potato Chips, Party Size, 13 oz Bag",493,4.87,/ip/Lay-s-Classic-Potato-Chips-Party-Size-13-oz-Bag/677669806
"Lay's Wavy Original Potato Chips, Party Size, 13 oz Bag",219,6.28,/ip/Lay-s-Wavy-Original-Potato-Chips-Party-Size-13-oz-Bag/652141083
"Great Value Queso Potato Chips, 8 oz",73,2.50,/ip/Great-Value-Queso-Potato-Chips-8-oz/48274450
"Lay's Barbecue Flavored Potato Chips, Party Size, 12.5 oz Bag",213,3.48,/ip/Lay-s-Barbecue-Flavored-Potato-Chips-Party-Size-12-5-oz-Bag/198082763
"Nabisco Sweet Treats Cookie Variety Pack OREO, OREO Golden & CHIPS AHOY!, 30 Snack Packs",569,3.64,/ip/Nabisco-Sweet-Treats-Cookie-Variety-Pack-OREO-OREO-Golden-CHIPS-AHOY-30-Snack-Packs/50259424
"Doritos Nacho Cheese Flavored Tortilla Chips, Party Size, 15 oz",1001,4.98,/ip/Doritos-Nacho-Cheese-Flavored-Tortilla-Chips-Party-Size-15-oz/164047382
"OREO Chocolate Sandwich Cookies, Family Size, 19.1 oz",760,19.87,/ip/OREO-Chocolate-Sandwich-Cookies-Family-Size-19-1-oz/23658442
"CHIPS AHOY! Original Chocolate Chip Cookies, Family Size, 18.2 oz",522,6.98,/ip/CHIPS-AHOY-Original-Chocolate-Chip-Cookies-Family-Size-18-2-oz/23658443
"Campbell's Condensed Tomato Soup, 10.75 oz. Cans (4 pack)",339,3.48,/ip/Campbell-s-Condensed-Tomato-Soup-10-75-oz-Cans-4-pack/43346748
"belVita Soft Baked Banana Bread Breakfast Biscuits, 5 Packs (1 Biscuit Per Pack)",550,3.98,/ip/belVita-Soft-Baked-Banana-Bread-Breakfast-Biscuits-5-Packs-1-Biscuit-Per-Pack/34312391
"Frito Lay Family Fun Mix Snacks Variety Pack, 18 Count",300,3.67,/ip/Frito-Lay-Family-Fun-Mix-Snacks-Variety-Pack-18-Count/971503257
"Newtons Soft & fruit Chewy Fig Cookies, 10 oz Pack",606,2.79,/ip/Newtons-Soft-fruit-Chewy-Fig-Cookies-10-oz-Pack/154505093
"OREO Double Stuf Chocolate Sandwich Cookies, Family Size, 20 oz",673,3.56,/ip/OREO-Double-Stuf-Chocolate-Sandwich-Cookies-Family-Size-20-oz/23554586
"Royal Dansk Danish Butter Cookies, 12 Oz.",596,19.87,/ip/Royal-Dansk-Danish-Butter-Cookies-12-Oz/10403419
"Nutter Butter Family Size Peanut Butter Sandwich Cookies, 16 oz",940,3.64,/ip/Nutter-Butter-Family-Size-Peanut-Butter-Sandwich-Cookies-16-oz/10292092
"Nabisco Cookie Variety Pack, OREO, Nutter Butter, CHIPS AHOY!, Holiday Snacks, 12 Trick or Treat Snacks Packs",287,3.64,/ip/Nabisco-Cookie-Variety-Pack-OREO-Nutter-Butter-CHIPS-AHOY-Holiday-Snacks-12-Trick-or-Treat-Snacks-Packs/51701339
"belVita Sandwich Peanut Butter Breakfast Biscuits, 5 Packs (2 Sandwiches Per Pack)",120,3.38,/ip/belVita-Sandwich-Peanut-Butter-Breakfast-Biscuits-5-Packs-2-Sandwiches-Per-Pack/50259427
"OREO Peanut Butter Creme Chocolate Sandwich Cookies, 1 - 17 oz Family Size package",35,3.43,/ip/OREO-Peanut-Butter-Creme-Chocolate-Sandwich-Cookies-1-17-oz-Family-Size-package/661786346
"Nabisco Classic Mix Variety Pack, OREO Mini, CHIPS AHOY! Mini, Nutter Butter Bites, RITZ Bits Cheese, 20 Snack Packs",84,4.68,/ip/Nabisco-Classic-Mix-Variety-Pack-OREO-Mini-CHIPS-AHOY-Mini-Nutter-Butter-Bites-RITZ-Bits-Cheese-20-Snack-Packs/43200062
"Pepperidge Farm Chessmen Butter Cookies, 7.25 oz. Bag",240,2.50,/ip/Pepperidge-Farm-Chessmen-Butter-Cookies-7-25-oz-Bag/10450473
"Nature Valley Breakfast Biscuits, Almond Butter, 13.5 oz",115,3.67,/ip/Nature-Valley-Breakfast-Biscuits-Almond-Butter-13-5-oz/922100861
"CHIPS AHOY! Chewy Chocolate Chip Cookies with Reese's Peanut Butter Cups, 9.5 oz",2101,6.98,/ip/CHIPS-AHOY-Chewy-Chocolate-Chip-Cookies-with-Reese-s-Peanut-Butter-Cups-9-5-oz/22210581
Ferrara ,159,3.64,/ip/Ferrara-Foods-Ferrara-Biscotti-6-oz/154804713
Foods,123,19.87,/ip/Nonni-s-Cioccolati-Dark-Chocolate-Biscotti-6-8-Oz-8-Count/10309684
" Ferrara  Biscotti, 6 oz",27,5.98,/ip/Nonni-s-Originali-Biscotti-5-52-Oz-12-Count/10309683
"Nonni's Cioccolati Dark Chocolate Biscotti, 6.8 Oz., 8 Count",10,20.68,/ip/Nonni-s-Salted-Caramel-Biscotti-6-72-Oz-8-Count/44883504
"Nonni's Originali Biscotti, 5.52 Oz., 12 Count",48,2.98,/ip/Nonni-s-Triple-Chocolate-Biscotti-6-88-Oz-8-Count/35162370
"Nonni's Salted Caramel Biscotti, 6.72 Oz., 8 Count",38,2.98,/ip/Nonni-s-Limone-Biscotti-6-8-Oz-8-Count/10309682
"Chef Boyardee Beef Ravioli, 4 Pack, 15 Oz",337,3.64,/ip/Chef-Boyardee-Beef-Ravioli-4-Pack-15-Oz/10308588
"Chef Boyardee Mini Beef Ravioli, Microwave Pasta, 15 Oz",384,19.87,/ip/Chef-Boyardee-Mini-Beef-Ravioli-Microwave-Pasta-15-Oz/10308534
"Campbell's SpaghettiOs Canned Pasta with Meatballs, 15.6 oz. Can, Pack of 12",169,3.64,/ip/Campbell-s-SpaghettiOs-Canned-Pasta-with-Meatballs-15-6-oz-Can-Pack-of-12/761810389
"(2 pack) Chef Boyardee Spaghetti and Meatballs, 14.5 oz, 4 Pack",256,3.48,/ip/2-pack-Chef-Boyardee-Spaghetti-and-Meatballs-14-5-oz-4-Pack/657292635
"(2 pack) Chef Boyardee Mini Ravioli, 15 oz, 4 Pack",262,0.88,/ip/2-pack-Chef-Boyardee-Mini-Ravioli-15-oz-4-Pack/922346409
"(10 Pack) Chef Boyardee Rice with Chicken & Vegetables, 7.25 Oz.",38,22.32,/ip/10-Pack-Chef-Boyardee-Rice-with-Chicken-Vegetables-7-25-Oz/47235198
"Chef Boyardee Macaroni and Cheese, Microwavable Bowl, 7.5 Oz",42,6.75,/ip/Chef-Boyardee-Macaroni-and-Cheese-Microwavable-Bowl-7-5-Oz/10308559
"Chef Boyardee Lasagna, Microwave Pasta, 15 Oz",116,10.18,/ip/Chef-Boyardee-Lasagna-Microwave-Pasta-15-Oz/10321012
"Chef Boyardee Spaghetti and Meatballs in Tomato Sauce, Microwave Pasta, 7.5 Oz",41,6.75,/ip/Chef-Boyardee-Spaghetti-and-Meatballs-in-Tomato-Sauce-Microwave-Pasta-7-5-Oz/10535137
"Chef Boyardee Beef Ravioli in Tomato Sauce, Microwave Pasta, 15 Oz",223,10.18,/ip/Chef-Boyardee-Beef-Ravioli-in-Tomato-Sauce-Microwave-Pasta-15-Oz/10308535
"(2 Pack) Kraft Stove Top Savory Herbs Stuffing Mix, 6 oz Box",421,7.45,/ip/2-Pack-Kraft-Stove-Top-Savory-Herbs-Stuffing-Mix-6-oz-Box/48235759
"(2 pack) Kraft Stove Top Traditional Sage Stuffing Mix, 6 oz Box",70,5.02,/ip/2-pack-Kraft-Stove-Top-Traditional-Sage-Stuffing-Mix-6-oz-Box/384634215
"(2 Pack) Kraft Stove Top Cornbread Stuffing Mix, 6 oz Box",143,4.84,/ip/2-Pack-Kraft-Stove-Top-Cornbread-Stuffing-Mix-6-oz-Box/48235758
Ener-G ,3,3.00,/ip/Ener-G-Foods-2294478-9-oz-Gluten-Free-Traditional-Stuffing/330955456
Foods,26,5.66,/ip/Aleias-Gluten-Free-Foods-Aleias-Stuffing-12-oz/152939577
 2294478 9 oz Gluten Free Traditional Stuffing,141,3.00,/ip/Pepperidge-Farm-Herb-Seasoned-Classic-Stuffing-12-oz-Bag/751829055
Daiya ,66,5.02,/ip/Daiya-Foods-Cheezy-Mac-Deluxe-Cheddar-Style-10-6-Oz/184296754
Foods,7,7.45,/ip/Daiya-Foods-Cheezy-Mac-Bacon-And-Cheddar-Style-10-9-Oz/290428738
 - Cheezy Mac - Deluxe Cheddar Style - 10.6 Oz.,954,4.84,/ip/Kraft-Original-Flavor-Mac-and-Cheese-5-ct-7-25-oz-Multipack/14869676
Daiya ,14,3.97,/ip/Daiya-Foods-Cheezy-Mac-Four-Cheese-With-Herbs-10-6-Oz/464604554
Foods,15,3.97,/ip/Resers-Fine-Foods-Resers-Main-St-Bistro-Macaroni-Cheese-20-oz/17352573
 - Cheezy Mac - Bacon And Cheddar Style - 10.9 Oz.,418,4.50,/ip/KRAFT-EASY-MAC-Original-Flavor-Single-Serve-Pouches-18-ct-Box/170152888
"Kraft Original Flavor Mac and Cheese, 5 ct - 7.25 oz Multipack",3,12.48,/ip/Cracker-Barrel-Sharp-Cheddar-Macaroni-and-Cheese-4-ct-Microwavable-Cups/492194511
Daiya ,1,3.97,/ip/Kraft-Easy-Mac-Big-Bowl-Original-Macaroni-and-Cheese-Dinner-3-5-oz-Microwavable-Bowl/882491660
Foods,2,6.48,/ip/Kraft-Easy-Mac-Big-Bowl-Spirals-Macaroni-and-Cheese-Dinner-3-5-oz-Microwavable-Bowl/421718026
 - Cheezy Mac - Four Cheese With Herbs -10.6 Oz.,3163,7.15,/ip/VELVEETA-Shells-and-Cheese-Original-Flavor-3-ct-Package/43480563
"KRAFT DELUXE Macaroni and Cheese Original Cheddar Dinner, 3 ct. 14 oz Boxes",524,5.98,/ip/KRAFT-DELUXE-Macaroni-and-Cheese-Original-Cheddar-Dinner-3-ct-14-oz-Boxes/50423040
"KRAFT EASY MAC Original Flavor Single Serve Pouches, 18 ct. Box",418,19.87,/ip/KRAFT-EASY-MAC-Original-Flavor-Single-Serve-Pouches-18-ct-Box/170152888
"VELVEETA Shells and Cheese Original Flavor, 3 ct. Package",3163,3.64,/ip/VELVEETA-Shells-and-Cheese-Original-Flavor-3-ct-Package/43480563
"Campbell's SpaghettiOs Canned Pasta with Meatballs, 15.6 oz. Can, Pack of 4",21,6.48,/ip/Campbell-s-SpaghettiOs-Canned-Pasta-with-Meatballs-15-6-oz-Can-Pack-of-4/927459373
"Great Value Premium Original Shells & Cheese, 12 oz, 2 Pack",160,6.48,/ip/Great-Value-Premium-Original-Shells-Cheese-12-oz-2-Pack/47233323
"Cracker Barrel Sharp Cheddar Macaroni and Cheese Dinner, 14 oz Box",134,6.48,/ip/Cracker-Barrel-Sharp-Cheddar-Macaroni-and-Cheese-Dinner-14-oz-Box/50423045
"Minute White Rice, Instant White Rice, Light & Fluffy Quick Rice, 42 oz",210,12.48,/ip/Minute-White-Rice-Instant-White-Rice-Light-Fluffy-Quick-Rice-42-oz/10848966
"Kraft Original Flavor Mac and Cheese, 5 ct - 7.25 oz Multipack",954,3.62,/ip/Kraft-Original-Flavor-Mac-and-Cheese-5-ct-7-25-oz-Multipack/14869676
"KRAFT EASY MAC Original Flavor Macaroni and Cheese, 4 ct. Cups",1821,2.87,/ip/KRAFT-EASY-MAC-Original-Flavor-Macaroni-and-Cheese-4-ct-Cups/14869830
Augason Farms 2-Week 1-Person Emergency ,31,3.48,/ip/Augason-Farms-2-Week-1-Person-Emergency-Food-Supply-Kit-14-lbs/55702758
"Campbell's Condensed Tomato Soup, 10.75 oz. Cans (4 pack)",339,19.87,/ip/Campbell-s-Condensed-Tomato-Soup-10-75-oz-Cans-4-pack/43346748
"KRAFT EASY MAC Original Flavor Single Serve Pouches, 18 ct. Box",418,3.64,/ip/KRAFT-EASY-MAC-Original-Flavor-Single-Serve-Pouches-18-ct-Box/170152888
"Minute White Rice, Instant White Rice, Light & Fluffy Quick Rice, 42 oz",210,5.98,/ip/Minute-White-Rice-Instant-White-Rice-Light-Fluffy-Quick-Rice-42-oz/10848966
"DAK Fully Cooked Premium Ham, 16 oz Can",761,3.48,/ip/DAK-Fully-Cooked-Premium-Ham-16-oz-Can/10308362
"SPAM Classic, 1.5 Lb (Pack of 2)",982,10.50,/ip/SPAM-Classic-1-5-Lb-Pack-of-2/159980722
(12 Cans) Armour Original Vienna Sausage 4.6 oz,559,6.48,/ip/12-Cans-Armour-Original-Vienna-Sausage-4-6-oz/44981956
"(4 Cans) BUMBLE BEE Solid White Albacore Tuna in Water, 5 Ounce Cans, Ready to Eat Tuna Fish, High Protein ",218,4.44,/ip/4-Cans-BUMBLE-BEE-Solid-White-Albacore-Tuna-in-Water-5-Ounce-Cans-Ready-to-Eat-Tuna-Fish-High-Protein-Food-and-Snacks/14940789
Food,272,3.97,/ip/4-Pack-Campbell-s-Chunky-Steak-Potato-Soup-18-8-oz/47224410
 and Snacks,495,7.94,/ip/Swanson-Premium-White-Chunk-Chicken-Breast-12-5-oz-Can-Pack-of-2/129054055
Woodland ,51,3.64,/ip/Woodland-Foods-004809-lbs-Whole-New-Mexico-Hatch-Chiles/962313760
Foods,17,19.87,/ip/Great-Value-Medium-Diced-Green-Chiles-4-oz/10415222
 004809 lbs Whole New Mexico Hatch Chiles,23,4.98,/ip/Old-El-Paso-Mild-Chopped-Green-Chiles-4-5-oz-Can/10313175
"Great Value Medium Diced Green Chiles, 4 oz",5,14.30,/ip/Hatch-Whole-Green-Chiles-27-oz/14122390
"Old El Paso Mild, Chopped Green Chiles, 4.5 oz Can",2,19.44,/ip/Goya-Foods-Chiles-Chipotles-7-Ounce-Pack-of-12/854716922
"Hatch Whole Green Chiles, 27 oz",3,0.76,/ip/Hatch-Chili-Hatch-Diced-Hot-Green-Chilies-Diced-Green-Chiles-4-Oz/28644454
"StarKist® Tuna Creations® BOLD Jalapeño, 2.6 OZ",14,3.64,/ip/StarKist-Tuna-Creations-BOLD-Jalape-o-2-6-OZ/672360197
StarKist® Chunk Light Tuna in Water - 2.6 oz Pouch (8-Pack),200,19.87,/ip/StarKist-Chunk-Light-Tuna-in-Water-2-6-oz-Pouch-8-Pack/40711461
"(3 Pack) StarKist Chunk Light Tuna in Sunflower Oil, 6.4 oz Pouch",38,3.64,/ip/3-Pack-StarKist-Chunk-Light-Tuna-in-Sunflower-Oil-6-4-oz-Pouch/47227704
StarKist® Chunk Light Tuna In Water - 2.6 oz Pouch,53,1.24,/ip/StarKist-Chunk-Light-Tuna-In-Water-2-6-oz-Pouch/13398015
StarKist Tuna Creations® Variety Pack - 2.6 oz Pouch (4-Pack),97,8.78,/ip/StarKist-Tuna-Creations-Variety-Pack-2-6-oz-Pouch-4-Pack/40711460
StarKist Solid White Albacore Tuna in Water - 5 oz Can (4-Pack),24,15.84,/ip/StarKist-Solid-White-Albacore-Tuna-in-Water-5-oz-Can-4-Pack/330069355
StarKist® Chunk Light Tuna in Water - 12 oz Can,76,7.29,/ip/StarKist-Chunk-Light-Tuna-in-Water-12-oz-Can/10293459
"(3 Pack) StarKist Selects Solid Yellowfin Tuna with Lemon Dill and Extra Virgin Olive Oil, 4.5 Ounce Can",88,5.67,/ip/3-Pack-StarKist-Selects-Solid-Yellowfin-Tuna-with-Lemon-Dill-and-Extra-Virgin-Olive-Oil-4-5-Ounce-Can/47228380
"(6 pack) StarKist Tuna Creations, Sweet & Spicy, 2.6 oz Pouch",58,11.88,/ip/6-pack-StarKist-Tuna-Creations-Sweet-Spicy-2-6-oz-Pouch/203870256
"Dole Fruit Bowls Mandarin Oranges in 100% Fruit Juice, 4 Oz Bowls, 12 Cups of Fruit",179,19.87,/ip/Dole-Fruit-Bowls-Mandarin-Oranges-in-100-Fruit-Juice-4-Oz-Bowls-12-Cups-of-Fruit/21949967
"Dole Fruit Bowls Yellow Cling Diced Peaches in 100% Fruit Juice, 4oz Bowls, 12 Cups",218,3.64,/ip/Dole-Fruit-Bowls-Yellow-Cling-Diced-Peaches-in-100-Fruit-Juice-4oz-Bowls-12-Cups/21268926
"Dole Fruit Bowls Peaches in Strawberry Gel, 4.3 Oz Bowls, 12 Cups of Fruit",115,3.64,/ip/Dole-Fruit-Bowls-Peaches-in-Strawberry-Gel-4-3-Oz-Bowls-12-Cups-of-Fruit/340466314
"(3 Pack) Dole Mandarin Oranges in 100% Fruit Juice, 23.5 oz",171,6.58,/ip/3-Pack-Dole-Mandarin-Oranges-in-100-Fruit-Juice-23-5-oz/47228224
(3 Pack) Dole Tropical Fruit in Light Syrup & Passion Fruit Juice 15.25 oz. Can,214,13.16,/ip/3-Pack-Dole-Tropical-Fruit-in-Light-Syrup-Passion-Fruit-Juice-15-25-oz-Can/47228217
"Dole Tropical Fruit Salad in Light Syrup and Passion Fruit Juice, All Natural Fruit, 106oz",54,6.58,/ip/Dole-Tropical-Fruit-Salad-in-Light-Syrup-and-Passion-Fruit-Juice-All-Natural-Fruit-106oz/10304414
"(12 Cups) Dole Fruit Bowls No Sugar Added Yellow Cling Diced Peaches, 4 oz cups",89,13.16,/ip/12-Cups-Dole-Fruit-Bowls-No-Sugar-Added-Yellow-Cling-Diced-Peaches-4-oz-cups/47228226
"(6 Pack) Dole Mango Slices in Heavy Syrup, 15.5 oz. Canned Fruit",69,6.58,/ip/6-Pack-Dole-Mango-Slices-in-Heavy-Syrup-15-5-oz-Canned-Fruit/47228212
"Dole Fruit Bowls Peaches & Creme Parfait, 4.3 Oz Fruit Parfait, 4 Cups of Fruit",125,13.16,/ip/Dole-Fruit-Bowls-Peaches-Creme-Parfait-4-3-Oz-Fruit-Parfait-4-Cups-of-Fruit/10304396
"(12 Pack) Dole No Sugar Added Variety Fruit Bowls, 4 oz bowls",3,9.54,/ip/12-Pack-Dole-No-Sugar-Added-Variety-Fruit-Bowls-4-oz-bowls/330049563
Dole Pineapple Tidbits in 100% Pineapple Juice 20 oz. Can,150,69.00,/ip/Dole-Pineapple-Tidbits-in-100-Pineapple-Juice-20-oz-Can/10304328
Del Monte ,1,was 99.00,/ip/Del-Monte-Foods-Del-Monte-Fruit-Naturals-Pineapple-Chunks-7-oz/16674413
Foods,228,199.00,/ip/Dole-Crushed-Pineapple-in-100-Pineapple-Juice-Canned-Pineapple-20-Oz/10304331
" Del Monte Fruit Naturals Pineapple Chunks, 7 oz",21,199.00,/ip/Great-Value-Tidbits-Pineapple-20-oz/445433131
"Dole Crushed Pineapple in 100% Pineapple Juice, Canned Pineapple, 20 Oz",100,1.53,/ip/3-Pack-Dole-Fruit-Bowls-No-Sugar-Added-Pineapple-Tidbits-in-100-Fruit-Juice-4-Oz-Fruit-Bowls-4-Cups-of-Fruit/47228215
"Great Value Tidbits Pineapple, 20 oz",72,1.34,/ip/6-Pack-Dole-Pineapple-Chunks-in-Heavy-Syrup-20-oz-Can/47228222
"(3 Pack) Dole Fruit Bowls No Sugar Added Pineapple Tidbits in 100% Fruit Juice, 4 Oz Fruit Bowls, 4 Cups of Fruit",177,0.98,/ip/4-Pack-Dole-Pineapple-Chunks-in-100-Pineapple-Juice-23-5-oz-Plastic-Jar/47225944
"(6 Pack) Dole Pineapple Chunks in Heavy Syrup, 20 oz Can",58,6.18,/ip/Great-Value-Pineapple-Slices-in-100-Juice-20-oz-can/15021179
(4 Pack) Dole Pineapple Chunks in 100% Pineapple Juice 23.5 oz. Plastic Jar,25,8.48,/ip/Dole-Canned-Pineapple-Chunks-in-100-Pineapple-Juice-106-Oz-Can/10304325
"Swanson Premium White Chunk Chicken Breast, 12.5 oz. Can (Pack of 2)",495,3.64,/ip/Swanson-Premium-White-Chunk-Chicken-Breast-12-5-oz-Can-Pack-of-2/129054055
"Great Value Chunk Chicken Breast, 12.5 oz, 4 Count",895,4.98,/ip/Great-Value-Chunk-Chicken-Breast-12-5-oz-4-Count/49914752
"Great Value Low Sodium Chunk Chicken Breast, 12.5 oz, 3 Pack",139,19.87,/ip/Great-Value-Low-Sodium-Chunk-Chicken-Breast-12-5-oz-3-Pack/47227724
Comal Traditional ,208,4.98,/ip/Comal-Traditional-Foods-Tasty-Flavorful-Chicken-beef-pork-Ready-to-eat-No-Gluten-Keto-friendly-Mexican-food-Shredded-Barbacoa-Pack-2/730890143
Foods,19,7.48,/ip/Keystone-All-Natural-Chicken-28-oz-can/22309255
" |Tasty and Flavorful Chicken, beef and pork | Ready-to-eat | No Gluten | Keto friendly| Mexican ",103,44.88,/ip/2-Pack-SWEET-SUE-Chicken-Breast-Gluten-Free-Snack-High-Protein-Snacks-7oz-Pouch/47228401
food,177,7.44,/ip/Great-Value-Chunk-Chicken-Breast-12-5-oz-12-count/510708077
" (Shredded beef (Barbacoa), Pack of 2)",118,9.99,/ip/4-Pack-Swanson-Chicken-la-King-Made-with-White-Meat-Chicken-10-5-oz/47224376
"(12 Cups) Del Monte Fruit Cup Snacks No Sugar Added Assorted Flavors, 4 oz fruit cups",355,69.00,/ip/12-Cups-Del-Monte-Fruit-Cup-Snacks-No-Sugar-Added-Assorted-Flavors-4-oz-fruit-cups/21849151
"(12 Cups) Del Monte Fruit Cup Snacks Variety Pack (Peaches, Cherry Mixed Fruit, Mixed Fruit), 4 oz cups",176,was 99.00,/ip/12-Cups-Del-Monte-Fruit-Cup-Snacks-Variety-Pack-Peaches-Cherry-Mixed-Fruit-Mixed-Fruit-4-oz-cups/301801107
"Dole Fruit Bowls Peaches & Creme Parfait, 4.3 Oz Fruit Parfait, 4 Cups of Fruit",125,169.00,/ip/Dole-Fruit-Bowls-Peaches-Creme-Parfait-4-3-Oz-Fruit-Parfait-4-Cups-of-Fruit/10304396
Del Monte ,4,was 199.00,/ip/Del-Monte-Foods-Del-Monte-Peaches-4-ea/10794867
Foods,115,199.00,/ip/Dole-Fruit-Bowls-Peaches-in-Strawberry-Gel-4-3-Oz-Bowls-12-Cups-of-Fruit/340466314
" Del Monte Peaches, 4 ea",218,5.98,/ip/Dole-Fruit-Bowls-Yellow-Cling-Diced-Peaches-in-100-Fruit-Juice-4oz-Bowls-12-Cups/21268926
"Dole Fruit Bowls Peaches in Strawberry Gel, 4.3 Oz Bowls, 12 Cups of Fruit",89,11.96,/ip/12-Cups-Dole-Fruit-Bowls-No-Sugar-Added-Yellow-Cling-Diced-Peaches-4-oz-cups/47228226
"Dole Fruit Bowls Yellow Cling Diced Peaches in 100% Fruit Juice, 4oz Bowls, 12 Cups",36,5.98,/ip/2-Pack-Dole-Fruit-Bowls-Mixed-Fruit-in-Peach-Gel-4-3-Ounce-4-Cups/47228049
"(12 Cups) Dole Fruit Bowls No Sugar Added Yellow Cling Diced Peaches, 4 oz cups",12,11.96,/ip/Great-Value-Diced-Yellow-Cling-Peaches-in-100-Juice-4-oz-12-Count/579167337
"(4 Cans) BUMBLE BEE Solid White Albacore Tuna in Water, 5 Ounce Cans, Ready to Eat Tuna Fish, High Protein ",218,69.00,/ip/4-Cans-BUMBLE-BEE-Solid-White-Albacore-Tuna-in-Water-5-Ounce-Cans-Ready-to-Eat-Tuna-Fish-High-Protein-Food-and-Snacks/14940789
Food,94,was 99.00,/ip/Bumble-Bee-Wild-Alaska-Red-Salmon-14-75-Ounce-Can-Wild-Caught-High-Protein-Food-and-Snacks/10309544
 and Snacks,437,199.00,/ip/8-Cans-Bumble-Bee-Solid-White-Albacore-Tuna-in-Water-5oz-High-Protein-Food-and-Snacks/47347398
"Bumble Bee Wild Alaska Red Salmon, 14.75 Ounce Can, Wild Caught, High Protein ",177,169.00,/ip/2-Pack-Bumble-Bee-Solid-White-Albacore-Tuna-in-Water-Canned-Tuna-Fish-High-Protein-Food-12oz-Can/996078647
Food,44,was 199.00,/ip/2-Pack-Bumble-Bee-Regular-Tiny-Shrimp-4-oz-Can/47228167
 and Snacks,26,6.74,/ip/Bumble-Bee-Spicy-Thai-Chili-Seasoned-Tuna-Fish-Pouch-with-Spoon-2-5-Ounce-Pouch-High-Protein-Food-and-Snacks/47374431
"(8 Cans) Bumble Bee Solid White Albacore Tuna in Water, 5oz, High Protein ",126,8.27,/ip/4-Cans-BUMBLE-BEE-Chunk-White-Albacore-Tuna-Fish-in-Water-5-Ounce-Cans-High-Protein-Food-and-Snacks/42294601
Food,19,13.48,/ip/Bumble-Bee-Prime-Fillet-Solid-White-Albacore-Tuna-in-Water-5oz-Can-High-Protein-Food-and-Snacks/12167150
 and Snacks,7,8.24,/ip/Bumble-Bee-Premium-Albacore-Tuna-High-Protein-Food-2-5oz-Pouch/15136808
"Great Value Chunk Chicken Breast, 12.5 oz, 4 Count",895,19.87,/ip/Great-Value-Chunk-Chicken-Breast-12-5-oz-4-Count/49914752
"Great Value Cream of Mushroom Condensed Soup, 10.5 oz",62,3.64,/ip/Great-Value-Cream-of-Mushroom-Condensed-Soup-10-5-oz/10315222
"Dinty Moore Beef Stew, 20 Ounce Can",777,3.64,/ip/Dinty-Moore-Beef-Stew-20-Ounce-Can/10290949
"(4 Pack) Great Value Healthy Cream Of Chicken Condensed Soup, Family Size, 26 oz",18,7.48,/ip/4-Pack-Great-Value-Healthy-Cream-Of-Chicken-Condensed-Soup-Family-Size-26-oz/675185383
"(4 Pack) Great Value Healthy Tomato Condensed Soup Family Size, 26 oz",30,44.88,/ip/4-Pack-Great-Value-Healthy-Tomato-Condensed-Soup-Family-Size-26-oz/946754767
"(10 Pack) Great Value Cream Of Mushroom Condensed Soup, 10.5 oz",99,0.50,/ip/10-Pack-Great-Value-Cream-Of-Mushroom-Condensed-Soup-10-5-oz/664607840
"Dinty Moore Beef Stew, 15 Oz",684,2.18,/ip/Dinty-Moore-Beef-Stew-15-Oz/10290959
"Great Value Tomato Condensed Soup, 10.75 oz",43,6.85,/ip/Great-Value-Tomato-Condensed-Soup-10-75-oz/10314957
"Great Value Chicken Noodle Condensed Soup, 10.5 oz",52,5.76,/ip/Great-Value-Chicken-Noodle-Condensed-Soup-10-5-oz/10314962
"StarKist® Tuna Creations® BOLD Jalapeño, 2.6 OZ",14,4.98,/ip/StarKist-Tuna-Creations-BOLD-Jalape-o-2-6-OZ/672360197
"Bumble Bee Spicy Thai Chili Seasoned Tuna Fish Pouch with Spoon, 2.5 Ounce Pouch, High Protein ",26,3.64,/ip/Bumble-Bee-Spicy-Thai-Chili-Seasoned-Tuna-Fish-Pouch-with-Spoon-2-5-Ounce-Pouch-High-Protein-Food-and-Snacks/47374431
Food,7,19.87,/ip/Bumble-Bee-Premium-Albacore-Tuna-High-Protein-Food-2-5oz-Pouch/15136808
 and Snacks,200,1.24,/ip/StarKist-Chunk-Light-Tuna-in-Water-2-6-oz-Pouch-8-Pack/40711461
"Bumble Bee Premium Albacore Tuna, High Protein Food, 2.5oz Pouch",58,1.00,/ip/4-Pack-Bumble-Bee-Premium-Light-Tuna-in-Water-Ready-to-Eat-Tuna-Fish-High-Protein-Food-2-5oz-Pouch/47228170
StarKist® Chunk Light Tuna in Water - 2.6 oz Pouch (8-Pack),171,1.54,/ip/StarKist-Tuna-Creations-Ranch-2-6-oz-Pouch/32257670
"(4 Pack) Bumble Bee Premium Light Tuna in Water, Ready to Eat Tuna Fish, High Protein Food, 2.5oz Pouch",71,8.78,/ip/StarKist-Albacore-White-Tuna-in-Water-6-4-oz-Pouch/13398014
"StarKist Tuna Creations, Ranch, 2.6 oz Pouch",21,15.84,/ip/4-pack-Bumble-Bee-Cracked-Pepper-and-Sea-Salt-Seasoned-Tuna-Fish-Pouch-with-Spoon-2-5-Ounce-Pouch-High-Protein-Food-and-Snacks/174988858
StarKist® Albacore White Tuna in Water - 6.4 oz Pouch,38,5.87,/ip/3-Pack-StarKist-Chunk-Light-Tuna-in-Sunflower-Oil-6-4-oz-Pouch/47227704
Eden ,313,3.64,/ip/Eden-Foods-Applesauce-At-least-95-Organic-25-oz/335938792
Foods,153,19.87,/ip/Great-Value-Unsweetened-Applesauce-46-oz/14122646
", Applesauce, At least 95% Organic, 25 oz",180,5.98,/ip/Great-Value-Applesauce-Cups-Unsweetened-3-2-oz-6-Count-3-Pack/47240714
"Great Value Unsweetened Applesauce, 46 oz",193,11.88,/ip/Great-Value-Original-Applesauce-48-oz/14562669
"Great Value Applesauce Cups, Unsweetened, 3.2 oz, 6 Count, 3 Pack",73,1.98,/ip/Great-Value-Cinnamon-Applesauce-48-oz/13045035
"Great Value Original Applesauce, 48 oz",60,4.09,/ip/GoGo-squeeZ-Applesauce-Apple-Apple-Apple-Banana-Apple-Strawberry-12-Ct/27635660
"Great Value Cinnamon Applesauce, 48 oz",11,1.98,/ip/GoGo-squeeZ-Fruit-Pouches-Apple-Apple-Squeeze-Pouches-12-ct/21556337
"GoGo squeeZ Applesauce, Apple Apple, Apple Banana & Apple Strawberry, 12 Ct",79,1.98,/ip/Great-Value-Applesauce-Pouches-Unsweetened-12-Count/891097983
"Black Turtle Beans, 3 Pounds - Kosher, Raw, Sproutable, Vegan - by ",1,3.64,/ip/Black-Turtle-Beans-3-Pounds-Kosher-Raw-Sproutable-Vegan-by-Food-to-Live/629327757?wpa_bd=&wpa_pg_seller_id=7380ECB973A14504AF45E656CFD3FBDF&wpa_ref_id=wpaqs:0Dshl7htOs-cC-LW3UwxL-aOI-8d8-gpCOxBz2-O-4bDzvNiUeRB7I9T1QdsWFyXYVtxErYzDHPAEY5IePYNJAWZXibgOtMTpoi-WOrlQIHz2t7VT-yOXjmXHh9MVdwQDnEqhCvdeYW9KEKssDElJHBjmhxltM9hPo8sTnc-kyxk8EDTg1lpZBXRSKuRHPd-4t1OCtD9WKsGqRyfP49k9w&wpa_tag=__tag__&wpa_aux_info=__aux_info__&wpa_pos=1&wpa_plmt=__plmt__&wpa_aduid=__aduid__
Food,44,4.98,/ip/Food-To-Live-Black-Beans-Turtle-25-Pounds/182683613
 to Live,40,3.64,/ip/Black-Turtle-Beans-5-Pounds-Kosher-Raw-Sproutable-Vegan-by-Food-to-Live/125813252
Food,16,12.99,/ip/Eden-Foods-Caribbean-Lundberg-Brown-Rice-And-Black-Beans-15-Oz/29913556
 To Live  Black Beans (Turtle) (25 Pounds),197,55.98,/ip/Great-Value-Black-Beans-No-Salt-Added-15-25-oz/39778876
"Black Turtle Beans, 5 Pounds - Kosher, Raw, Sproutable, Vegan - by ",86,10.98,/ip/Black-Turtle-Beans-10-Pounds-Kosher-Raw-Sproutable-Vegan-by-Food-to-Live/122019614?wpa_bd=&wpa_pg_seller_id=7380ECB973A14504AF45E656CFD3FBDF&wpa_ref_id=wpaqs:0Dshl7htOs-cC-LW3UwxL-aOI-8d8-gpCOxBz2-O-4bDzvNiUeRB7I9T1QdsWFyXYVtxErYzDHPAEY5IePYNJAlRZLhljAfBfhpaRjFad9SUfY6fp6wkPqRA_0r_nXKoDnEqhCvdeYW9KEKssDElJHBjmhxltM9hPo8sTnc-kyxk8EDTg1lpZBXRSKuRHPd-4t1OCtD9WKsGqRyfP49k9w&wpa_tag=__tag__&wpa_aux_info=__aux_info__&wpa_pos=6&wpa_plmt=__plmt__&wpa_aduid=__aduid__
"(16 Cups) Dole Fruit Bowls Mixed Fruit in Black Cherry Gel, 4.3 oz cups",163,3.64,/ip/16-Cups-Dole-Fruit-Bowls-Mixed-Fruit-in-Black-Cherry-Gel-4-3-oz-cups/403629780
"Great Value Original Applesauce, 48 oz",180,19.87,/ip/Great-Value-Original-Applesauce-48-oz/14562669
"Great Value Cinnamon Applesauce, 48 oz",193,3.64,/ip/Great-Value-Cinnamon-Applesauce-48-oz/13045035
"Great Value Unsweetened Applesauce, 46 oz",313,9.92,/ip/Great-Value-Unsweetened-Applesauce-46-oz/14122646
"Great Value Applesauce Cups, Unsweetened, 3.2 oz, 6 Count, 3 Pack",153,19.84,/ip/Great-Value-Applesauce-Cups-Unsweetened-3-2-oz-6-Count-3-Pack/47240714
"Great Value Fruit & Veggies Applesauce Pouches, Variety Pack, 12 Count",10,1.98,/ip/Great-Value-Fruit-Veggies-Applesauce-Pouches-Variety-Pack-12-Count/406077371
"Great Value Cinnamon Apple Sauce, 3.2 oz, 12 count",13,1.98,/ip/Great-Value-Cinnamon-Apple-Sauce-3-2-oz-12-count/388004857
"Great Value Applesauce Pouches, Unsweetened, 12 Count",11,1.98,/ip/Great-Value-Applesauce-Pouches-Unsweetened-12-Count/891097983
"Great Value Cinnamon Apple Sauce, 3.2 oz, 4 count",1,4.09,/ip/Great-Value-Cinnamon-Apple-Sauce-3-2-oz-4-count/111968557
"(4 Cans) BUMBLE BEE Solid White Albacore Tuna in Water, 5 Ounce Cans, Ready to Eat Tuna Fish, High Protein ",218,5.02,/ip/4-Cans-BUMBLE-BEE-Solid-White-Albacore-Tuna-in-Water-5-Ounce-Cans-Ready-to-Eat-Tuna-Fish-High-Protein-Food-and-Snacks/14940789
Food,14,7.45,/ip/StarKist-Tuna-Creations-BOLD-Jalape-o-2-6-OZ/672360197
 and Snacks,607,4.84,/ip/StarKist-Chunk-Light-Tuna-in-Water-5-oz-Can-8-Pack/48387973
"StarKist® Tuna Creations® BOLD Jalapeño, 2.6 OZ",1,6.74,/ip/12-Cans-Great-Value-Chunk-Light-Tuna-in-Water-5-oz/327699666
StarKist Chunk Light Tuna in Water - 5 oz Can (8-Pack),177,1.24,/ip/2-Pack-Bumble-Bee-Solid-White-Albacore-Tuna-in-Water-Canned-Tuna-Fish-High-Protein-Food-12oz-Can/996078647
"(12 Cans) Great Value Chunk Light Tuna in Water, 5 oz",126,6.84,/ip/4-Cans-BUMBLE-BEE-Chunk-White-Albacore-Tuna-Fish-in-Water-5-Ounce-Cans-High-Protein-Food-and-Snacks/42294601
"(2 Pack) Bumble Bee Solid White Albacore Tuna in Water, Canned Tuna Fish, High Protein Food, 12oz Can",437,8.88,/ip/8-Cans-Bumble-Bee-Solid-White-Albacore-Tuna-in-Water-5oz-High-Protein-Food-and-Snacks/47347398
"(4 Cans) BUMBLE BEE Chunk White Albacore Tuna Fish in Water, 5 Ounce Cans, High Protein ",58,16.42,/ip/4-Pack-Bumble-Bee-Premium-Light-Tuna-in-Water-Ready-to-Eat-Tuna-Fish-High-Protein-Food-2-5oz-Pouch/47228170
Food,10,8.24,/ip/3-Pack-Wild-Selections-Solid-Light-Tuna-in-Water-Canned-Tuna-Fish-High-Protein-Food-5oz-Can/47228432
"SPAM Classic, 1.5 Lb (Pack of 2)",982,3.64,/ip/SPAM-Classic-1-5-Lb-Pack-of-2/159980722
(12 Cans) Armour Original Vienna Sausage 4.6 oz,559,4.98,/ip/12-Cans-Armour-Original-Vienna-Sausage-4-6-oz/44981956
"DAK Fully Cooked Premium Ham, 16 oz Can",761,19.87,/ip/DAK-Fully-Cooked-Premium-Ham-16-oz-Can/10308362
"Swanson Premium White Chunk Chicken Breast, 12.5 oz. Can (Pack of 2)",495,5.46,/ip/Swanson-Premium-White-Chunk-Chicken-Breast-12-5-oz-Can-Pack-of-2/129054055
Libbys Corned Beef 12 Ounce,439,5.52,/ip/Libbys-Corned-Beef-12-Ounce/10536020
"Great Value Chunk Chicken Breast, 12.5 oz, 4 Count",895,3.97,/ip/Great-Value-Chunk-Chicken-Breast-12-5-oz-4-Count/49914752
"Great Value Low Sodium Chunk Chicken Breast, 12.5 oz, 3 Pack",139,7.94,/ip/Great-Value-Low-Sodium-Chunk-Chicken-Breast-12-5-oz-3-Pack/47227724
Iberia ,7,4.98,/ip/Iberia-Foods-Excelsior-Corned-Beef-12-oz/47375823
Foods,777,4.88,/ip/Dinty-Moore-Beef-Stew-20-Ounce-Can/10290949
"(12 Cups) Del Monte Fruit Cup Snacks Variety Pack (Peaches, Cherry Mixed Fruit, Mixed Fruit), 4 oz cups",176,3.64,/ip/12-Cups-Del-Monte-Fruit-Cup-Snacks-Variety-Pack-Peaches-Cherry-Mixed-Fruit-Mixed-Fruit-4-oz-cups/301801107
"(12 Cups) Del Monte Fruit Cup Snacks No Sugar Added Assorted Flavors, 4 oz fruit cups",355,19.87,/ip/12-Cups-Del-Monte-Fruit-Cup-Snacks-No-Sugar-Added-Assorted-Flavors-4-oz-fruit-cups/21849151
"Dole Fruit Bowls Mandarin Oranges in 100% Fruit Juice, 4 Oz Bowls, 12 Cups of Fruit",179,3.64,/ip/Dole-Fruit-Bowls-Mandarin-Oranges-in-100-Fruit-Juice-4-Oz-Bowls-12-Cups-of-Fruit/21949967
"(12 Pack) Dole No Sugar Added Variety Fruit Bowls, 4 oz bowls",3,5.98,/ip/12-Pack-Dole-No-Sugar-Added-Variety-Fruit-Bowls-4-oz-bowls/330049563
"Dole Canned Pineapple Chunks in 100% Pineapple Juice, 106 Oz Can",25,11.96,/ip/Dole-Canned-Pineapple-Chunks-in-100-Pineapple-Juice-106-Oz-Can/10304325
"(3 Pack) Dole Mandarin Oranges in 100% Fruit Juice, 23.5 oz",171,5.98,/ip/3-Pack-Dole-Mandarin-Oranges-in-100-Fruit-Juice-23-5-oz/47228224
(4 Pack) Dole Pineapple Chunks in 100% Pineapple Juice 23.5 oz. Plastic Jar,177,11.96,/ip/4-Pack-Dole-Pineapple-Chunks-in-100-Pineapple-Juice-23-5-oz-Plastic-Jar/47225944
"(6 Pack) Dole Mango Slices in Heavy Syrup, 15.5 oz. Canned Fruit",69,6.58,/ip/6-Pack-Dole-Mango-Slices-in-Heavy-Syrup-15-5-oz-Canned-Fruit/47228212
"(3 Pack) Dole Fruit Bowls, No Sugar Added Cherry Mixed Fruit, 4 Ounce (4 Cups)",14,13.16,/ip/3-Pack-Dole-Fruit-Bowls-No-Sugar-Added-Cherry-Mixed-Fruit-4-Ounce-4-Cups/47228046
"Great Value French Style Green Beans, 14.25 oz",9,3.64,/ip/Great-Value-French-Style-Green-Beans-14-25-oz/595715223
"Great Value Black Beans, 15.25 oz",197,19.87,/ip/Great-Value-Black-Beans-15-25-oz/10534038
"Glory Foods Seasoned Southern Style Green Beans with Potatoes, 27 oz",75,5.98,/ip/Glory-Foods-Seasoned-Southern-Style-Green-Beans-with-Potatoes-27-oz/10532984
"(4 Pack) Bush's Best Black Beans, 26.5 Oz",86,0.44,/ip/4-Pack-Bush-s-Best-Black-Beans-26-5-Oz/747196319
(4 Pack) Goya Chick Peas 15.5 Oz,242,0.58,/ip/4-Pack-Goya-Chick-Peas-15-5-Oz/424913208
"(4 Pack) Bush's Best Organic Garbanzo Beans, 15 Oz",93,1.98,/ip/4-Pack-Bush-s-Best-Organic-Garbanzo-Beans-15-Oz/726379148
"Glory Foods Seasoned Southern Style Butter Beans, 15.5 oz",9,6.32,/ip/Glory-Foods-Seasoned-Southern-Style-Butter-Beans-15-5-oz/22282334
"(4 Pack) BUSH'S BEST Dark Red Kidney Beans, 27.0 OZ",42,9.48,/ip/4-Pack-BUSH-S-BEST-Dark-Red-Kidney-Beans-27-0-OZ/838768470
BUSHS BEST Light Red Kidney Beans 16.0 OZ,12,4.88,/ip/BUSHS-BEST-Light-Red-Kidney-Beans-16-0-OZ/10306790
"(2 pack) Pacific Foods Organic Vegan Tomato Basil Soup, 32 fl oz",73,19.87,/ip/2-pack-Pacific-Foods-Organic-Vegan-Tomato-Basil-Soup-32-fl-oz/748351007
"(2 Pack) Pacific Foods Organic Vegetable Quinoa Soup, 17-Ounces",6,3.64,/ip/2-Pack-Pacific-Foods-Organic-Vegetable-Quinoa-Soup-17-Ounces/196801386
Eden ,3,5.98,/ip/Eden-Foods-Hacho-Miso-12-1-Oz/30980454
Foods,47,7.86,/ip/Campbell-s-Chunky-Soup-Chili-Mac-Soup-18-8-Ounce-Can/159608533
" Hacho Miso, 12.1 Oz",95,6.67,/ip/Watkins-Soup-and-Gravy-Base-Beef/55549696
"Campbell's Chunky Soup, Chili Mac Soup, 18.8 Ounce Can",16,10.41,/ip/Better-than-Bouillon-Superior-Touch-Fish-Base-8-oz/29921907
"Watkins Soup and Gravy Base, Beef",6,13.77,/ip/2-Pack-Blue-Runner-Creole-Gumbo-Base-25-Oz/229577303
"Better than Bouillon Superior Touch Fish Base, 8 oz.",7,1.78,/ip/2-Pack-Campbell-s-Condensed-Family-Size-98-Fat-Free-Cream-of-Chicken-Soup-22-6-oz-Can/524941301
"(2 Pack) Blue Runner Creole Gumbo Base, 25 Oz",36,7.65,/ip/Campbell-s-Condensed-Beef-Consomme-10-5-oz/10321653
"Glory Foods Seasoned Southern Style Collard Greens, 27 oz",36,5.98,/ip/Glory-Foods-Seasoned-Southern-Style-Collard-Greens-27-oz/10532981
"Juanita's Foods Mexican Style Hominy, 2.97 kg",21,3.64,/ip/Juanita-s-Foods-Mexican-Style-Hominy-2-97-kg/10453028
"Glory Foods Seasoned Southern Style Smoked Turkey Flavored Collard Greens, 14.5 oz",11,19.87,/ip/Glory-Foods-Seasoned-Southern-Style-Smoked-Turkey-Flavored-Collard-Greens-14-5-oz/20567620
"Glory Foods Seasoned Southern Style Honey Carrots, 15 oz",12,1.44,/ip/Glory-Foods-Seasoned-Southern-Style-Honey-Carrots-15-oz/22257756
"Glory Foods Seasoned Southern Style Mustard Greens, 27 oz",14,2.62,/ip/Glory-Foods-Seasoned-Southern-Style-Mustard-Greens-27-oz/10532985
"Great Value Sliced Beets, 15 oz",91,0.98,/ip/Great-Value-Sliced-Beets-15-oz/10315544
"Del Monte Foods Del Monte Zucchini, 14.5 oz",37,1.13,/ip/Del-Monte-Foods-Del-Monte-Zucchini-14-5-oz/10318794
"(3 Pack) Great Value Mustard Greens, 14 oz",128,1.44,/ip/3-Pack-Great-Value-Mustard-Greens-14-oz/567133721
"Great Value No Salt Added Cut Green Beans, 14.5 oz",104,0.50,/ip/Great-Value-No-Salt-Added-Cut-Green-Beans-14-5-oz/10315430
"Great Value Cream Style Sweet Corn, 14.25 oz",1,1.64,/ip/Great-Value-Cream-Style-Sweet-Corn-14-25-oz/15841504
"(4 Pack) Hurst's Hambeens W/Seasoning packet original Dried 15 Bean Soup, 20 oz",255,3.64,/ip/4-Pack-Hurst-s-Hambeens-W-Seasoning-packet-original-Dried-15-Bean-Soup-20-oz/47234068
"Campbell's Chunky Chili, Hot & Spicy with Beans, 15.25 oz. Microwavable Bowl",39,19.87,/ip/Campbell-s-Chunky-Chili-Hot-Spicy-with-Beans-15-25-oz-Microwavable-Bowl/10321469
"Saverne Artisanal Kraut Craft Beer, 16 Oz",14,5.98,/ip/Saverne-Artisanal-Kraut-Craft-Beer-16-Oz/41589139
"Glory Foods Seasoned Southern Style Green Beans with Potatoes, 27 oz",75,9.20,/ip/Glory-Foods-Seasoned-Southern-Style-Green-Beans-with-Potatoes-27-oz/10532984
"Organic Pinto Beans, 10 Pounds - Non-GMO, Kosher, Raw, Sproutable, Vegan, Bulk - by ",10,1.98,/ip/Organic-Pinto-Beans-10-Pounds-Non-GMO-Kosher-Raw-Sproutable-Vegan-Bulk-by-Food-to-Live/850663247
Food,21,17.99,/ip/Margaret-Holmes-Red-Beans-and-Rice-15-oz/10451148
 to Live,3,1.98,/ip/Organic-Red-Split-Lentils-8-Ounces-Dry-Beans-Non-GMO-Kosher-Raw-Masoor-Dal-Bulk-by-Food-to-Live/846066471
"Margaret Holmes Red Beans and Rice , 15 oz",197,12.99,/ip/Great-Value-Black-Beans-15-25-oz/10534038
"Organic Red Split Lentils, 8 Ounces - Dry Beans, Non-GMO, Kosher, Raw, Masoor Dal, Bulk - by ",11,52.49,/ip/Great-Value-Original-Baked-Beans-15-oz/481640762
Wise ,1,3.64,/ip/Wise-Foods-Outdoor-Chili-Mac-with-Beef-Camping-Food-03-901/46893119
Food,93,3.64,/ip/Alpine-Aire-Foods-Mountain-Chili-Serves-2/162269917
s,31,19.87,/ip/24-Packs-Maruchan-Lime-Chili-Shrimp-Instant-Ramen-3-oz/396954366
 Outdoor Chili Mac with Beef Camping ,99,9.89,/ip/Best-Foods-Creamy-Chili-Honey-Sauce-9-oz/178756480?wpa_bd=&wpa_pg_seller_id=F55CDC31AB754BB68FE0B39041159D63&wpa_ref_id=wpaqs:vjaYe5yHCqVrAqRujDGtlnN0iwaoJADjPjmKoLBi3JxIYPgQAsp6jmUmkwzZFwGZ9YYJoTUwhNTE3zkULQJUA2gTHVCY9xE0VXizOlMiz_Qc3BeiH21VMvVGIDMRFtNZFR1pIJzx8NKRXUdcALlb8ToPEZg33dU94g9smImiLmzWYL3eroPywZB2x4G1MjWMlNjY_3WoYkVJIUxhnI3EXQ&wpa_tag=__tag__&wpa_aux_info=__aux_info__&wpa_pos=4&wpa_plmt=__plmt__&wpa_aduid=__aduid__
Food,31,6.25,/ip/2-pack-Skyline-Chili-Original-Chili-10-5-Oz/309649224
 - 03-901,26,5.76,/ip/3-pack-Naked-Noodle-Thai-Sweet-Chili/833760738
Alpine Aire ,47,3.47,/ip/Bumble-Bee-Spicy-Thai-Chili-Seasoned-Tuna-Fish-Pouch-with-Spoon-2-5-Ounce-Pouch-High-Protein-Food-and-Snacks/47374431
Foods,63,6.48,/ip/Campbell-s-Chunky-Soup-Chili-Mac-Soup-18-8-Ounce-Can/159608533
"Pacific Foods Organic Creamy Roasted Red Pepper and Tomato Soup, 32 fl oz",71,4.93,/ip/Pacific-Foods-Organic-Creamy-Roasted-Red-Pepper-and-Tomato-Soup-32-fl-oz/15529700
"Campbell's Condensed Tomato Soup, 10.75 oz. Cans (4 pack)",339,4.31,/ip/Campbell-s-Condensed-Tomato-Soup-10-75-oz-Cans-4-pack/43346748
"Campbell's Condensed Tomato Soup, 10.75 oz. Can",259,7.80,/ip/Campbell-s-Condensed-Tomato-Soup-10-75-oz-Can/10321636
"(4 Pack) Progresso Soup, Reduced Sodium, Creamy Tomato Basil Soup, 19 oz Can",111,3.68,/ip/4-Pack-Progresso-Soup-Reduced-Sodium-Creamy-Tomato-Basil-Soup-19-oz-Can/407891420
"(4 pack) Campbell's Condensed Healthy Request Tomato Soup, 10.75 oz. Can",64,7.89,/ip/4-pack-Campbell-s-Condensed-Healthy-Request-Tomato-Soup-10-75-oz-Can/906565070
"(3 pack) Campbell's Slow Kettle Style Tomato & Sweet Basil Bisque, 15.5 oz. Tub",193,3.48,/ip/3-pack-Campbell-s-Slow-Kettle-Style-Tomato-Sweet-Basil-Bisque-15-5-oz-Tub/345753086
Imagine ,4,10.50,/ip/Imagine-Foods-Tomato-Soup-Tomato-Soup-Case-of-12-32-oz/25618846
Foods,16,0.98,/ip/2-Pack-Pacific-Foods-Organic-Light-Sodium-Red-Pepper-and-Tomato-Soup-32-Ounces/390093372
 Tomato Soup - Tomato Soup - Case of 12 - 32 oz.,10,5.95,/ip/Pacific-Foods-Organic-Creamy-Tomato-Soup-8-fl-oz-12-count/156640892
"(12 Pack) Terra Plantains Real Vegetable Chips, 5 Oz.",2,19.87,/ip/12-Pack-Terra-Plantains-Real-Vegetable-Chips-5-Oz/108766016
"Terra Chips, Exotic Potato Blend, 5.5 Oz",14,3.64,/ip/Terra-Chips-Exotic-Potato-Blend-5-5-Oz/37700893
"(12 Pack) Terra Chips Chip Sweets And Blues Sea Salt, 5.75 Oz",4,4.98,/ip/12-Pack-Terra-Chips-Chip-Sweets-And-Blues-Sea-Salt-5-75-Oz/236632411
"(24 Pack) Terra Original Real Vegetable Chips, 1 Oz. Bag.4",3,39.18,/ip/24-Pack-Terra-Original-Real-Vegetable-Chips-1-Oz-Bag-4/246675826
"Terra Chips Sweet Potato Chips Sweets And Beets, 6 Oz",10,4.51,/ip/Terra-Chips-Sweet-Potato-Chips-Sweets-And-Beets-6-Oz/15077530
"Terra Blues Exotic Vegetable Chips, 1 Oz4",1,5.62,/ip/Terra-Blues-Exotic-Vegetable-Chips-1-Oz4/31045116
"Terra Sweets And Carrots Real Vegetable Chips, 6 Oz",1,39.18,/ip/Terra-Sweets-And-Carrots-Real-Vegetable-Chips-6-Oz/29769513
"Terra Sweet Plantains Real Vegetable Chips, 5 Oz.",3,58.94,/ip/Terra-Sweet-Plantains-Real-Vegetable-Chips-5-Oz/291506527
"SunChips Whole Grain Snacks, Original, 7 oz",231,19.87,/ip/SunChips-Whole-Grain-Snacks-Original-7-oz/31954395
"SunChips Harvest Cheddar Flavored Whole Grain Snacks, 7 oz. Bag",131,3.64,/ip/SunChips-Harvest-Cheddar-Flavored-Whole-Grain-Snacks-7-oz-Bag/32174172
"SunChips Garden Salsa Flavored Whole Grain Snacks, 7 oz Bag",153,3.64,/ip/SunChips-Garden-Salsa-Flavored-Whole-Grain-Snacks-7-oz-Bag/31954394
"SunChips; French Onion Flavored Whole Grain Snacks, 7 oz. Bag",69,2.98,/ip/SunChips-French-Onion-Flavored-Whole-Grain-Snacks-7-oz-Bag/28403752
"Sunchips Whole Grain and Sweet Potato Snacks, Sprinkled with Brown Sugar, 7 oz Bag",21,2.98,/ip/Sunchips-Whole-Grain-and-Sweet-Potato-Snacks-Sprinkled-with-Brown-Sugar-7-oz-Bag/656217378
"SunChips Harvest Cheddar Flavored Whole Grain Snacks, 2.75 oz Bag",3,2.98,/ip/SunChips-Harvest-Cheddar-Flavored-Whole-Grain-Snacks-2-75-oz-Bag/613748005
"SunChips Sun Puffs Whole Grain Snacks, Four Cheese, 6 oz Bag",7,2.98,/ip/SunChips-Sun-Puffs-Whole-Grain-Snacks-Four-Cheese-6-oz-Bag/637852311
SunChips Harvest Cheddar Multigrain Snacks 3.75 oz. Bag,354,2.98,/ip/SunChips-Harvest-Cheddar-Multigrain-Snacks-3-75-oz-Bag/184078295
"Funyuns Onion Flavored Rings, 6 oz Bag",345,3.64,/ip/Funyuns-Onion-Flavored-Rings-6-oz-Bag/36915849
"Funyuns Flamin' Hot Onion Flavored Rings, 6 oz Bag",65,4.98,/ip/Funyuns-Flamin-Hot-Onion-Flavored-Rings-6-oz-Bag/37642796
"Funyuns Onion Flavored Rings, 0.75 oz Bags, 10 Count",56,3.64,/ip/Funyuns-Onion-Flavored-Rings-0-75-oz-Bags-10-Count/485534448
"Funyuns Onion Flavored Rings, 0.75 oz Bag",6,3.68,/ip/Funyuns-Onion-Flavored-Rings-0-75-oz-Bag/17177109
"Funyuns Onion Flavored Rings, 1 oz Bag",5,3.68,/ip/Funyuns-Onion-Flavored-Rings-1-oz-Bag/980980217
Funyuns Flamin Hot Onion Flavored Rings .75 oz. Bag,1,4.48,/ip/Funyuns-Flamin-Hot-Onion-Flavored-Rings-75-oz-Bag/191960055
"Funyuns Flamin' Hot Flavored Onion Rings, 2.125 oz Bag",1,0.49,/ip/Funyuns-Flamin-Hot-Flavored-Onion-Rings-2-125-oz-Bag/492662344
"Funyuns Flamin' Hot Onion Flavored Rings, 1 oz Bag",1,0.49,/ip/Funyuns-Flamin-Hot-Onion-Flavored-Rings-1-oz-Bag/401850957
"Fritos Jalapeno Cheddar Flavored Cheese Dip, 9 oz",306,3.64,/ip/Fritos-Jalapeno-Cheddar-Flavored-Cheese-Dip-9-oz/10790821
"Fritos Scoops! Corn Chips, 18 oz Party Size",333,19.87,/ip/Fritos-Scoops-Corn-Chips-18-oz-Party-Size/44436661
"Fritos Original Flavor Bean Dip, 9 Oz.",186,4.98,/ip/Fritos-Original-Flavor-Bean-Dip-9-Oz/10790822
"Fritos Scoops! Original Corn Chips, 9.25 Oz.",333,2.50,/ip/Fritos-Scoops-Original-Corn-Chips-9-25-Oz/49909692
"Fritos Flavor Twists Honey BBQ Corn Snacks, 9.25 oz Bag",85,3.98,/ip/Fritos-Flavor-Twists-Honey-BBQ-Corn-Snacks-9-25-oz-Bag/49909660
"Fritos Scoops! Corn Snacks, Party Size, 15.5 oz Bag",296,2.50,/ip/Fritos-Scoops-Corn-Snacks-Party-Size-15-5-oz-Bag/884766452
"Fritos Mild Cheddar Flavored Cheese Dip, 9 oz",138,3.28,/ip/Fritos-Mild-Cheddar-Flavored-Cheese-Dip-9-oz/17177050
"Fritos Original Bean Dip, 3.125 oz Canister",13,2.50,/ip/Fritos-Original-Bean-Dip-3-125-oz-Canister/19276055
"Fritos Hot Bean Dip with Jalapeno Peppers, 9 oz",306,3.98,/ip/Fritos-Hot-Bean-Dip-with-Jalapeno-Peppers-9-oz/10790823
"Kettle Brand Potato Chips Variety Pack (Sea Salt, NY Cheddar, Backyard BBQ, Jalapeno), 1.5 Oz, 30 Ct",7,19.87,/ip/Kettle-Brand-Potato-Chips-Variety-Pack-Sea-Salt-NY-Cheddar-Backyard-BBQ-Jalapeno-1-5-Oz-30-Ct/44887283
"Kettle Brand Potato Chips, Sea Salt and Vinegar Kettle Chips, 8.5 Oz",77,3.64,/ip/Kettle-Brand-Potato-Chips-Sea-Salt-and-Vinegar-Kettle-Chips-8-5-Oz/10818721
"Kettle Brand Potato Chips, Jalapeno Kettle Chips, 8.5 Oz",71,3.64,/ip/Kettle-Brand-Potato-Chips-Jalapeno-Kettle-Chips-8-5-Oz/13908695
"Kettle Brand Potato Chips Variety Pack, Sea Salt, Sea Salt & Vinegar, Backyard Barbeque, 16 Ct",8,37.78,/ip/Kettle-Brand-Potato-Chips-Variety-Pack-Sea-Salt-Sea-Salt-Vinegar-Backyard-Barbeque-16-Ct/548228408
Kettle ,3,2.98,/ip/Kettle-Foods-Sea-Salt-Potato-Chips-5-Ounce-8-per-case/969399517
"Tostitos Scoops! Tortilla Chips, Party Size, 14.5 oz Bag",927,3.64,/ip/Tostitos-Scoops-Tortilla-Chips-Party-Size-14-5-oz-Bag/11027423
"Tostitos Original Restaurant Style Tortilla Chips, Party Size, 18 oz Bag",578,3.64,/ip/Tostitos-Original-Restaurant-Style-Tortilla-Chips-Party-Size-18-oz-Bag/12443121
"Tostitos Bite Size Tortilla Chips, Party Size, 18 oz",49,5.98,/ip/Tostitos-Bite-Size-Tortilla-Chips-Party-Size-18-oz/12443120
"Tostitos Medium Restaurant Style Salsa, 15.5 oz Jar",154,3.98,/ip/Tostitos-Medium-Restaurant-Style-Salsa-15-5-oz-Jar/14574617
"Tostitos Crispy Rounds Tortilla Chips, 13 oz Bag",327,3.98,/ip/Tostitos-Crispy-Rounds-Tortilla-Chips-13-oz-Bag/10900113
"Tostitos Cantina Thin and Crispy Tortilla Chips, Party Size, 15 oz Bag",103,3.98,/ip/Tostitos-Cantina-Thin-and-Crispy-Tortilla-Chips-Party-Size-15-oz-Bag/39138845
"Tostitos Hint of Lime Tortilla Chips, 13 Oz.",199,3.28,/ip/Tostitos-Hint-of-Lime-Tortilla-Chips-13-Oz/10900111
"Simply Tostitos Organic Blue Corn Tortilla Chips, 8.25 oz Bag",37,2.98,/ip/Simply-Tostitos-Organic-Blue-Corn-Tortilla-Chips-8-25-oz-Bag/49909674
"Tostitos Chunky Habanero Salsa, 15.5 oz Jar",67,3.98,/ip/Tostitos-Chunky-Habanero-Salsa-15-5-oz-Jar/49910693
"Tostitos Mild Chunky Salsa, 24 oz Jar",172,2.98,/ip/Tostitos-Mild-Chunky-Salsa-24-oz-Jar/10790824
"Doritos Nacho Cheese Flavored Tortilla Chips, Party Size, 15 oz",1001,3.64,/ip/Doritos-Nacho-Cheese-Flavored-Tortilla-Chips-Party-Size-15-oz/164047382
"Doritos Cool Ranch Flavored Tortilla Chips, Party Size, 15 oz Bag",354,3.64,/ip/Doritos-Cool-Ranch-Flavored-Tortilla-Chips-Party-Size-15-oz-Bag/148724440
"Doritos Nacho Cheese Tortilla Chips, 9.75 Oz.",267,19.87,/ip/Doritos-Nacho-Cheese-Tortilla-Chips-9-75-Oz/198871477
"Doritos, Spicy Nacho Flavored Tortilla Chips, Party Size, 15 oz Bag",216,3.48,/ip/Doritos-Spicy-Nacho-Flavored-Tortilla-Chips-Party-Size-15-oz-Bag/151962974
"Doritos Nacho Cheese Flavored Tortilla Chips, 1 oz Bags, 10 Count",66,3.98,/ip/Doritos-Nacho-Cheese-Flavored-Tortilla-Chips-1-oz-Bags-10-Count/557196282
"Doritos Flamin' Hot Limon Flavored Tortilla Chips, 9.75 oz Bag",63,3.48,/ip/Doritos-Flamin-Hot-Limon-Flavored-Tortilla-Chips-9-75-oz-Bag/769717917
"Doritos Cool Ranch Flavored Tortilla Chips, 9.75 oz Bag",110,3.98,/ip/Doritos-Cool-Ranch-Flavored-Tortilla-Chips-9-75-oz-Bag/173946476
"Doritos Mix Variety Pack, 1 oz Bags, 10 Count",16,2.98,/ip/Doritos-Mix-Variety-Pack-1-oz-Bags-10-Count/524003365
"Doritos Spicy Sweet Chili Flavored Tortilla Chips, 9.75 oz Bag",136,3.48,/ip/Doritos-Spicy-Sweet-Chili-Flavored-Tortilla-Chips-9-75-oz-Bag/199281237
"Popchips Variety Pack, 0.8 oz, 6 Count",61,3.64,/ip/Popchips-Variety-Pack-0-8-oz-6-Count/30991472
"PopCorners Flex Protein Chip, Barbecue, 5 Oz",13,19.87,/ip/PopCorners-Flex-Protein-Chip-Barbecue-5-Oz/848287419
"Popchips Potato Chip - Bbq , 5 Oz",8,3.64,/ip/Popchips-Potato-Chip-Bbq-5-Oz/139219815
"PopCorners Flavor Variety Pack, Gluten Free, 18 CT",55,4.96,/ip/PopCorners-Flavor-Variety-Pack-Gluten-Free-18-CT/507314489
"Popchips Potato Chip - Sea Salt , 5 Oz",10,2.98,/ip/Popchips-Potato-Chip-Sea-Salt-5-Oz/190587795
"Our Little Rebellion Chips Sea Salt Of The Earth, 7 Oz",1,2.88,/ip/Our-Little-Rebellion-Chips-Sea-Salt-Of-The-Earth-7-Oz/115506253
"Popchips - Puffs Peanut Butter , 4 Oz",3,12.09,/ip/Popchips-Puffs-Peanut-Butter-4-Oz/280513388
"(4 pack) Progresso White Clam Sauce With Garlic & Herb, 15 oz Can",109,19.87,/ip/4-pack-Progresso-White-Clam-Sauce-With-Garlic-Herb-15-oz-Can/155744888
"(2 Pack) Campbell's Oven Sauces Creamy Garlic Butter Chicken, 12 oz.",43,3.64,/ip/2-Pack-Campbell-s-Oven-Sauces-Creamy-Garlic-Butter-Chicken-12-oz/47231889
"(2 Pack) Campbell's Oven Sauces Classic Roasted Chicken, 12 oz.",59,5.98,/ip/2-Pack-Campbell-s-Oven-Sauces-Classic-Roasted-Chicken-12-oz/47231887
"Swanson Chicken & Dumplings Made with White Chicken Meat, 10.5 oz.",9,10.84,/ip/Swanson-Chicken-Dumplings-Made-with-White-Chicken-Meat-10-5-oz/46161594
"Great Value Tomato Sauce, 15 oz",54,4.50,/ip/Great-Value-Tomato-Sauce-15-oz/10415500
"Prego Pasta Sauce, Garden Harvest Chunky Tomato Sauce with Onion and Garlic, 24 Ounce Jar",72,4.74,/ip/Prego-Pasta-Sauce-Garden-Harvest-Chunky-Tomato-Sauce-with-Onion-and-Garlic-24-Ounce-Jar/14123528
"(3 Pack) Lidestri Foods Francesco Rinaldi  Pasta Sauce, 24 oz",138,1.37,/ip/3-Pack-Lidestri-Foods-Francesco-Rinaldi-Pasta-Sauce-24-oz/47233328
"Great Value Tomato Sauce, 8 oz",94,0.64,/ip/Great-Value-Tomato-Sauce-8-oz/10415487
"AMYS SOUP CHUNKY TOMATO BISQUE GLUTENFREE LOW SODIUM, 14.5 OZ (Pack of 12)",4,1.78,/ip/AMYS-SOUP-CHUNKY-TOMATO-BISQUE-GLUTENFREE-LOW-SODIUM-14-5-OZ-Pack-of-12/103602670
"(3 Pack) Great Value Gluten-Free Brown Rice Spaghetti, 16 oz",97,4.31,/ip/3-Pack-Great-Value-Gluten-Free-Brown-Rice-Spaghetti-16-oz/47233770
Rao's Homemade All Natural Marinara Sauce 24oz,257,5.48,/ip/Rao-s-Homemade-All-Natural-Marinara-Sauce-24oz/31008715
"(4 pack) Progresso Traditional Hearty Chicken and Rotini Soup, 19 oz",77,5.00,/ip/4-pack-Progresso-Traditional-Hearty-Chicken-and-Rotini-Soup-19-oz/255975316
"(4 pack) Barilla Pasta Veggie Spaghetti, 12.0 OZ",98,5.60,/ip/4-pack-Barilla-Pasta-Veggie-Spaghetti-12-0-OZ/222042592
"(4 pack) Barilla Ready Pasta Fully Cooked Rotini, 8.5 oz",53,6.24,/ip/4-pack-Barilla-Ready-Pasta-Fully-Cooked-Rotini-8-5-oz/680479146
"(2 Pack) Great Value Spaghetti Pasta, 1 Lb, 4Ct",293,6.32,/ip/2-Pack-Great-Value-Spaghetti-Pasta-1-Lb-4Ct/47225825
"(4 pack) Great Value Rotini, 16 oz",108,5.12,/ip/4-pack-Great-Value-Rotini-16-oz/123478827
"(4 pack) Great Value Penne Rigate, 16 oz",150,6.32,/ip/4-pack-Great-Value-Penne-Rigate-16-oz/484344721
"(4 pack) Great Value Rigatoni, 16 oz",123,5.14,/ip/4-pack-Great-Value-Rigatoni-16-oz/296581118
"(4 Pack) Hurst's Hambeens W/Seasoning packet original Dried 15 Bean Soup, 20 oz",255,3.64,/ip/4-Pack-Hurst-s-Hambeens-W-Seasoning-packet-original-Dried-15-Bean-Soup-20-oz/47234068
Goya ,3,3.64,/ip/Goya-Foods-Red-Kidney-Beans-16-Ounce-Pack-of-24/827409995
Foods,10,19.87,/ip/Organic-Red-Split-Lentils-8-Ounces-Dry-Beans-Non-GMO-Kosher-Raw-Masoor-Dal-Bulk-by-Food-to-Live/846066471
" Red Kidney Beans, 16-Ounce (Pack of 24)",3,9.20,/ip/Organic-Pinto-Beans-10-Pounds-Non-GMO-Kosher-Raw-Sproutable-Vegan-Bulk-by-Food-to-Live/850663247
"Organic Red Split Lentils, 8 Ounces - Dry Beans, Non-GMO, Kosher, Raw, Masoor Dal, Bulk - by ",3,68.99,/ip/Camellia-Large-Lima-Butter-Beans-16-oz/10413680
Food,184,4.99,/ip/Camellia-Famous-New-Orleans-Red-Kidney-Beans-2-lb/10413716
 to Live,2,12.99,/ip/3-Pack-Great-Value-Black-Eyed-Peas-16-oz/47235190
"Organic Pinto Beans, 10 Pounds - Non-GMO, Kosher, Raw, Sproutable, Vegan, Bulk - by ",8,52.49,/ip/UNCLE-BEN-S-Zesty-Mexican-Style-Beans-9-2-oz/702929200
"Minute White Rice, Instant White Rice, Light & Fluffy Quick Rice, 42 oz",210,19.87,/ip/Minute-White-Rice-Instant-White-Rice-Light-Fluffy-Quick-Rice-42-oz/10848966
"Great Value Mediterranean Inspired Tuna Bowl with Brown Rice, 8.8 oz",16,3.64,/ip/Great-Value-Mediterranean-Inspired-Tuna-Bowl-with-Brown-Rice-8-8-oz/973592369
"(3 Pack) Great Value Instant White Rice, 42 oz",67,3.64,/ip/3-Pack-Great-Value-Instant-White-Rice-42-oz/875911202
"(6 pack) Rice-A-Roni Rice & Vermicelli Mix, Creamy Four Cheese, 6.4 oz Box",5631,4.44,/ip/6-pack-Rice-A-Roni-Rice-Vermicelli-Mix-Creamy-Four-Cheese-6-4-oz-Box/541529045
"SEEDS OF CHANGE Organic Quinoa & Brown Rice, 8.5oz",43,2.24,/ip/SEEDS-OF-CHANGE-Organic-Quinoa-Brown-Rice-8-5oz/25524598
"(6 pack) Rice-A-Roni Rice & Vermicelli Mix, Spanish Rice, 6.8 oz Box",15,10.92,/ip/6-pack-Rice-A-Roni-Rice-Vermicelli-Mix-Spanish-Rice-6-8-oz-Box/873246784
"(3 Pack) Near East Rice Pilaf Mix, Spanish Rice, 6.75 oz Box",148,14.38,/ip/3-Pack-Near-East-Rice-Pilaf-Mix-Spanish-Rice-6-75-oz-Box/47235188
"(6 pack) Rice-A-Roni Lower Sodium Rice & Vermicelli Mix, Chicken, 6.9 oz",68,5.55,/ip/6-pack-Rice-A-Roni-Lower-Sodium-Rice-Vermicelli-Mix-Chicken-6-9-oz/239772328
"Minute White Rice, Instant White Rice, Light & Fluffy Quick Rice, 42 oz",210,1.86,/ip/Minute-White-Rice-Instant-White-Rice-Light-Fluffy-Quick-Rice-42-oz/10848966
"KRAFT EASY MAC Original Flavor Single Serve Pouches, 18 ct. Box",418,3.78,/ip/KRAFT-EASY-MAC-Original-Flavor-Single-Serve-Pouches-18-ct-Box/170152888
"VELVEETA Shells and Cheese Original Flavor, 3 ct. Package",3163,4.44,/ip/VELVEETA-Shells-and-Cheese-Original-Flavor-3-ct-Package/43480563
"Cracker Barrel Sharp Cheddar Macaroni and Cheese Dinner, 14 oz Box",134,6.48,/ip/Cracker-Barrel-Sharp-Cheddar-Macaroni-and-Cheese-Dinner-14-oz-Box/50423045
"Idahoan Buttery Homestyle Mashed Potatoes Cup, 1.5 oz (Pack of 4)",136,6.48,/ip/Idahoan-Buttery-Homestyle-Mashed-Potatoes-Cup-1-5-oz-Pack-of-4/544807239
"(2 Pack) SWEET SUE Chicken and Dumplings, High Protein Snacks, 24oz can",206,12.48,/ip/2-Pack-SWEET-SUE-Chicken-and-Dumplings-High-Protein-Snacks-24oz-can/847504328
"KRAFT EASY MAC Original Flavor Macaroni and Cheese, 4 ct. Cups",1821,3.48,/ip/KRAFT-EASY-MAC-Original-Flavor-Macaroni-and-Cheese-4-ct-Cups/14869830
"(2 Pack) Kraft Stove Top Cornbread Stuffing Mix, 6 oz Box",143,3.88,/ip/2-Pack-Kraft-Stove-Top-Cornbread-Stuffing-Mix-6-oz-Box/48235758
Daiya ,66,7.76,/ip/Daiya-Foods-Cheezy-Mac-Deluxe-Cheddar-Style-10-6-Oz/184296754
"BetterBody Foods Tri-Color Organic Quinoa, 24 ounce",95,3.64,/ip/BetterBody-Foods-Tri-Color-Organic-Quinoa-24-ounce/45791878?wpa_bd=&wpa_pg_seller_id=F55CDC31AB754BB68FE0B39041159D63&wpa_ref_id=wpaqs:ceSkVj2pJ9tjpykIDHsDoqSYqMxoe0h5_2_k2ATy4hBIYPgQAsp6jmUmkwzZFwGZ9YYJoTUwhNTE3zkULQJUA2hwVtskJPxtqZ9o2-d_IKv18KDBDVmHpInEGqke5py9FR1pIJzx8NKRXUdcALlb8ToPEZg33dU94g9smImiLmyTuaVl1xf-KddYCcDvCYQZlNjY_3WoYkVJIUxhnI3EXQ&wpa_tag=__tag__&wpa_aux_info=__aux_info__&wpa_pos=1&wpa_plmt=__plmt__&wpa_aduid=__aduid__
"Organic Hulled Barley, 20 Pounds - Non-GMO, Kosher, Raw, Bulk Grain, Product of the USA - by ",14,3.64,/ip/Organic-Hulled-Barley-20-Pounds-Non-GMO-Kosher-Raw-Bulk-Grain-Product-of-the-USA-by-Food-to-Live/165007237?wpa_bd=&wpa_pg_seller_id=7380ECB973A14504AF45E656CFD3FBDF&wpa_ref_id=wpaqs:g5EYLCGA-VMWoDPe4bOjM48xRycBvjR4ChiVSNvFiwVkc_EoTQY2tUhVm0pgFw8uhF41R07sS7ycuCsbxCArngMfgrALaf8YD22BYU_7F9f0R8xmQUHhjX6ubcVN3m8X3OQ0dD8rsyRusRi3BxOfPtAYfJcCqO9jbuMqcno2fsuglaPsPY9zqWfHj0k70PRuMKh_SAH0ysXEoRQDJ-ZRSQ&wpa_tag=__tag__&wpa_aux_info=__aux_info__&wpa_pos=2&wpa_plmt=__plmt__&wpa_aduid=__aduid__
Food,50,3.64,/ip/3-Pack-Near-East-Couscous-Mix-Roasted-Garlic-Olive-Oil-5-8-oz-Box/47233490
 to Live,28,8.15,/ip/3-Pack-Near-East-Couscous-Mix-Parmesan-5-9-oz-Box/47235184
"(3 Pack) Near East Couscous Mix, Roasted Garlic & Olive Oil, 5.8 oz Box",24,16.10,/ip/Quaker-Quick-Pearled-Barley-11-oz-Box/11994394
"(3 Pack) Near East Couscous Mix, Parmesan, 5.9 oz Box",8,14.49,/ip/3-Pack-Roland-Quinoa-Black-Bean-5-46-oz/47235393
"Quaker Quick Pearled Barley, 11 oz Box",50,5.03,/ip/3-Pack-Near-East-Roasted-Garlic-Olive-Oil-Wheat-Couscous-5-8-oz-Box/47238739
"(3 Pack) Roland Quinoa Black Bean, 5.46 oz",10,5.03,/ip/Organic-Hulled-Millet-by-Food-to-Live-Whole-Grain-Seeds-Non-GMO-Raw-Bulk-Product-of-the-USA-1-Pound/246587136
"(3 Pack) Near East Roasted Garlic & Olive Oil Wheat Couscous, 5.8 oz Box",3,1.72,/ip/Near-East-Pearled-Cous-Cous-Roasted-Garlic-and-Olive-Oil-4-7-oz-Box/29951909
"(4 pack) Great Value Angel Hair, 16 oz",109,3.64,/ip/4-pack-Great-Value-Angel-Hair-16-oz/721682258
"Great Value Pot Perfect Angel Hair Pasta, 16 oz, 4 Pack",52,19.87,/ip/Great-Value-Pot-Perfect-Angel-Hair-Pasta-16-oz-4-Pack/392203886
"(8 Pack) Pasta Roni Angel Hair Pasta with Herbs, 4.8 oz Box",92,3.64,/ip/8-Pack-Pasta-Roni-Angel-Hair-Pasta-with-Herbs-4-8-oz-Box/47235141
"(6 Pack) Ronzoni Angel Hair, 16 Oz",28,4.78,/ip/6-Pack-Ronzoni-Angel-Hair-16-Oz/591583686
(4 pack) Creamette Angel Hair 16 Oz Box,22,5.43,/ip/4-pack-Creamette-Angel-Hair-16-Oz-Box/543372263
"Skinner Angel Hair Pasta, 12-Ounce Bag",2,4.78,/ip/Skinner-Angel-Hair-Pasta-12-Ounce-Bag/21119896
"(2 Pack) Colavita Capellini (Angel Hair) Pasta, 1 Lb",8,7.30,/ip/2-Pack-Colavita-Capellini-Angel-Hair-Pasta-1-Lb/578605376
"(3 Pack) Miracle Noodle Angel Hair Shirataki Pasta, 7 oz",65,5.88,/ip/3-Pack-Miracle-Noodle-Angel-Hair-Shirataki-Pasta-7-oz/47233637
"(6 Pack) Victoria Fine Foods, Pasta Sauce, Alfredo Roasted Pepper, Vegan, 24 Oz",23,69.00,/ip/6-Pack-Victoria-Fine-Foods-Pasta-Sauce-Alfredo-Roasted-Pepper-Vegan-24-Oz/687475740
"(5 Pack) Newman's Own Alfredo Pasta Sauce, 15 oz",516,was 99.00,/ip/5-Pack-Newman-s-Own-Alfredo-Pasta-Sauce-15-oz/47233440
"(2 Pack) Bertolli® Alfredo with Aged Parmesan Cheese Sauce, 15 oz.",169,199.00,/ip/2-Pack-Bertolli-Alfredo-with-Aged-Parmesan-Cheese-Sauce-15-oz/436942174
"Great Value Classic Alfredo Pasta Sauce, 16 oz",50,199.00,/ip/Great-Value-Classic-Alfredo-Pasta-Sauce-16-oz/13033144
"(2 Pack) Prego Homestyle Alfredo Sauce, 14.5 oz.",195,35.52,/ip/2-Pack-Prego-Homestyle-Alfredo-Sauce-14-5-oz/47926016
"(4 Pack) Classico Creamy Alfredo Pasta Sauce, 15 oz Jar",22,10.16,/ip/4-Pack-Classico-Creamy-Alfredo-Pasta-Sauce-15-oz-Jar/47233389
Rao's Homemade Alfredo Pasta Sauce 24oz,169,4.24,/ip/Rao-s-Homemade-Alfredo-Pasta-Sauce-24oz/948224748
"Ragú Classic Alfredo Sauce, 16 oz.",34,8.48,/ip/Rag-Classic-Alfredo-Sauce-16-oz/10291049
"Minute White Rice, Instant White Rice, Light & Fluffy Quick Rice, 42 oz",210,7.80,/ip/Minute-White-Rice-Instant-White-Rice-Light-Fluffy-Quick-Rice-42-oz/10848966
"(3 Pack) Great Value Instant White Rice, 42 oz",453,5.48,/ip/3-Pack-Great-Value-Instant-White-Rice-42-oz/875911202
"Great Value Long Grain Enriched Rice, 20 lb",105,7.26,/ip/Great-Value-Long-Grain-Enriched-Rice-20-lb/10315883
"Organic White Arborio Rice, 1 Pound - Non-GMO, Kosher, Bulk, Dried, Product of Italy, Perfect for Risotto - by ",21,4.44,/ip/Organic-White-Arborio-Rice-1-Pound-Non-GMO-Kosher-Bulk-Dried-Product-of-Italy-Perfect-for-Risotto-by-Food-to-Live/548133769?wpa_bd=&wpa_pg_seller_id=7380ECB973A14504AF45E656CFD3FBDF&wpa_ref_id=wpaqs:38ijdwlmfn2lSUie5jQoJWLJoz_yR1cycMCJyX00wQzDzvNiUeRB7I9T1QdsWFyXYVtxErYzDHPAEY5IePYNJKSsdFtaLbfuV3wvJzNXdI4RLCgQ4LcqTXKxztjAyQwGDnEqhCvdeYW9KEKssDElJLVxI8Xm5D7-7OYkcHTX7qO4GitsZrqmNBw9qcnoaadn4t1OCtD9WKsGqRyfP49k9w&wpa_tag=__tag__&wpa_aux_info=__aux_info__&wpa_pos=4&wpa_plmt=__plmt__&wpa_aduid=__aduid__
Food,163,10.92,/ip/2-Pack-Great-Value-Instant-White-Rice-42-oz/589234255
 to Live,97,14.38,/ip/Great-Value-Boil-in-Bag-White-Rice-6-count-32-oz/294232911
"(2 Pack) Great Value Instant White Rice, 42 oz",4,8.48,/ip/Great-Value-Long-Grain-Enriched-Rice-5-lb-3-Pack/47225970
"Minute Ready to Serve Cilantro & Lime Jasmine Rice, Quick & Easy Cup, 7 oz",9,3.64,/ip/Minute-Ready-to-Serve-Cilantro-Lime-Jasmine-Rice-Quick-Easy-Cup-7-oz/744538063
Golden Star Organic Brown Jasmine Rice 8.5 Oz,4,3.64,/ip/Golden-Star-Organic-Brown-Jasmine-Rice-8-5-Oz/595149253
"Minute Ready to Serve Garlic & Olive Oil Jasmine Rice, Easy Prep Cup, 7 oz",13,19.87,/ip/Minute-Ready-to-Serve-Garlic-Olive-Oil-Jasmine-Rice-Easy-Prep-Cup-7-oz/576146091
"Tasty Bite Ready To Eat Jasmine Rice, 8.8 Oz, Pack Of 6",2,1.48,/ip/Tasty-Bite-Ready-To-Eat-Jasmine-Rice-8-8-Oz-Pack-Of-6/30954737
Goya ,19,1.67,/ip/Goya-Foods-Jasmine-Rice-5-lb/31017817
Foods,300,16.99,/ip/Lotus-Foods-Jasmine-Rice-25-Lb/32171935
" Jasmine Rice, 5 lb",358,10.32,/ip/Goya-Thai-Jasmine-Rice-5-LB-Pack-of-8/152540586
"Royal Seasoned Basmati Rice Cilantro Lime, 8.5 OZ",2,4.31,/ip/Royal-Seasoned-Basmati-Rice-Cilantro-Lime-8-5-OZ/691050726
"Royal Flavored Basmati Rice Chicken & Herb, 8.5 OZ",14,7.26,/ip/Royal-Flavored-Basmati-Rice-Chicken-Herb-8-5-OZ/641400947
Gits Indian Entre Dal Makhani and Basmati Rice Ready Meals by Gits (13.2 oz. Single Pack),13,7.80,/ip/Gits-Indian-Entr-e-Dal-Makhani-and-Basmati-Rice-Ready-Meals-by-Gits-13-2-oz-Single-Pack/589457760
"Organic Brown Basmati Rice, 16 Pounds - Raw, Non-GMO, Kosher, Bulk  by ",17,1.88,/ip/Organic-Brown-Basmati-Rice-16-Pounds-Raw-Non-GMO-Kosher-Bulk-by-Food-to-Live/511933408
Food,70,1.88,/ip/Great-Value-Basmati-Rice-32-oz/36874823
 to Live,21,12.49,/ip/Great-Value-Basmati-Rice-5-lb/36874824
"Great Value Basmati Rice, 32 oz",18,6.48,/ip/Great-Value-Basmati-Rice-20-lb/36874825
"Great Value Mediterranean Inspired Tuna Bowl with Brown Rice, 8.8 oz",16,7.80,/ip/Great-Value-Mediterranean-Inspired-Tuna-Bowl-with-Brown-Rice-8-8-oz/973592369
"Minute Ready to Serve Brown Rice, Quick & Easy Rice Cups, 4.4 oz, 2 Ct",29,5.00,/ip/Minute-Ready-to-Serve-Brown-Rice-Quick-Easy-Rice-Cups-4-4-oz-2-Ct/10848971
"(6 Pack) Tasty Bite - Rice Coconut, 8.80 Oz",129,4.31,/ip/6-Pack-Tasty-Bite-Rice-Coconut-8-80-Oz/504984635
Knorr Ready to Heat Meal Maker for a quick and easy side Olive Oil and Garlic Brown Rice ready in just 90 seconds 8.8 oz,17,2.24,/ip/Knorr-Ready-to-Heat-Meal-Maker-for-a-quick-and-easy-side-Olive-Oil-and-Garlic-Brown-Rice-ready-in-just-90-seconds-8-8-oz/377618263
"Great Value Brown Rice, 16 oz",77,1.73,/ip/Great-Value-Brown-Rice-16-oz/13045034
"Great Value Brown Rice, 5 lb",58,13.92,/ip/Great-Value-Brown-Rice-5-lb/45595287
"Great Value Brown Rice 90 Second Pouch, 8.8 oz",51,1.50,/ip/Great-Value-Brown-Rice-90-Second-Pouch-8-8-oz/409186512
"Quaker Quick Pearled Barley, 11 oz Box",24,3.64,/ip/Quaker-Quick-Pearled-Barley-11-oz-Box/11994394
"Organic Hulled Barley, 20 Pounds - Non-GMO, Kosher, Raw, Bulk Grain, Product of the USA - by ",14,19.87,/ip/Organic-Hulled-Barley-20-Pounds-Non-GMO-Kosher-Raw-Bulk-Grain-Product-of-the-USA-by-Food-to-Live/165007237?wpa_bd=&wpa_pg_seller_id=7380ECB973A14504AF45E656CFD3FBDF&wpa_ref_id=wpaqs:g5EYLCGA-VMWoDPe4bOjM48xRycBvjR4ChiVSNvFiwVkc_EoTQY2tUhVm0pgFw8uhF41R07sS7ycuCsbxCArngMfgrALaf8YD22BYU_7F9f0R8xmQUHhjX6ubcVN3m8X3OQ0dD8rsyRusRi3BxOfPtAYfJcCqO9jbuMqcno2fsu23uug43BNFw1JuAyvIGfwMKh_SAH0ysXEoRQDJ-ZRSQ&wpa_tag=__tag__&wpa_aux_info=__aux_info__&wpa_pos=2&wpa_plmt=__plmt__&wpa_aduid=__aduid__
Food,13,5.98,/ip/Eden-Foods-Organic-Barley-Malt-Syrup-20-Oz/38303597
 to Live,1,1.72,/ip/Natural-Beef-Barley-Soup-Starter-no-MSG-added/952986237
Eden ,11,14.49,/ip/Organic-Barley-Sprout-Powder-4-Ounces-Grown-from-Non-GMO-Seeds-Non-Irradiated-Pure-Vegan-Superfood-Bulk-by-Food-to-Live/626267381
